16:37:37:321 [ALWAYS]	GUDE Logging Started
16:37:37:331 [INFO]	SqliteResumeCache::SqliteResumeCache basedirectory is null/empty
16:37:37:331 [ERROR]	SqliteResumeCache::CreateSqliteResumeCache creating resume cache pointer failure
16:37:37:331 [ERROR]	Initialize resume cache pointer failure
16:37:37:334 [INFO]	gude policy POLICY_USER limit (4,4,1) chunk 2097152, chunking (UL 0 DL 1), resXfer 1, adapt 0, NSURL 1, timeout 86400 
16:37:37:336 [INFO]	Initialized -- gude-lib version: v0.12.1 app: gude
16:37:39:364 [WARN]	Request Failed. ErrorCode: 112029 errorMessage: Platform Status, Send Request Failed. WinHTTP Cannot Connect. last error code = 12029 
16:37:41:374 [WARN]	Request Failed. ErrorCode: 112029 errorMessage: Platform Status, Send Request Failed. WinHTTP Cannot Connect. last error code = 12029 
16:37:47:392 [WARN]	Request Failed. ErrorCode: 112029 errorMessage: Platform Status, Send Request Failed. WinHTTP Cannot Connect. last error code = 12029 
16:37:59:406 [WARN]	Request Failed. ErrorCode: 112029 errorMessage: Platform Status, Send Request Failed. WinHTTP Cannot Connect. last error code = 12029 
16:38:07:423 [WARN]	Request Failed. ErrorCode: 112029 errorMessage: Platform Status, Send Request Failed. WinHTTP Cannot Connect. last error code = 12029 
16:38:09:436 [WARN]	Request Failed. ErrorCode: 112029 errorMessage: Platform Status, Send Request Failed. WinHTTP Cannot Connect. last error code = 12029 
16:38:33:447 [WARN]	Request Failed. ErrorCode: 112029 errorMessage: Platform Status, Send Request Failed. WinHTTP Cannot Connect. last error code = 12029 
16:39:17:469 [WARN]	Request Failed. ErrorCode: 112029 errorMessage: Platform Status, Send Request Failed. WinHTTP Cannot Connect. last error code = 12029 
16:39:45:478 [WARN]	Request Failed. ErrorCode: 112029 errorMessage: Platform Status, Send Request Failed. WinHTTP Cannot Connect. last error code = 12029 
16:40:21:496 [WARN]	Request Failed. ErrorCode: 112029 errorMessage: Platform Status, Send Request Failed. WinHTTP Cannot Connect. last error code = 12029 
16:40:53:510 [WARN]	Request Failed. ErrorCode: 112029 errorMessage: Platform Status, Send Request Failed. WinHTTP Cannot Connect. last error code = 12029 
16:41:11:521 [WARN]	Request Failed. ErrorCode: 112029 errorMessage: Platform Status, Send Request Failed. WinHTTP Cannot Connect. last error code = 12029 
16:41:45:535 [WARN]	Request Failed. ErrorCode: 112029 errorMessage: Platform Status, Send Request Failed. WinHTTP Cannot Connect. last error code = 12029 
16:42:19:547 [WARN]	Request Failed. ErrorCode: 112029 errorMessage: Platform Status, Send Request Failed. WinHTTP Cannot Connect. last error code = 12029 
16:43:13:560 [WARN]	Request Failed. ErrorCode: 112029 errorMessage: Platform Status, Send Request Failed. WinHTTP Cannot Connect. last error code = 12029 
16:43:31:577 [WARN]	Request Failed. ErrorCode: 112029 errorMessage: Platform Status, Send Request Failed. WinHTTP Cannot Connect. last error code = 12029 
16:43:53:593 [WARN]	Request Failed. ErrorCode: 112029 errorMessage: Platform Status, Send Request Failed. WinHTTP Cannot Connect. last error code = 12029 
16:44:31:617 [WARN]	Request Failed. ErrorCode: 112029 errorMessage: Platform Status, Send Request Failed. WinHTTP Cannot Connect. last error code = 12029 
16:44:43:640 [WARN]	Request Failed. ErrorCode: 112029 errorMessage: Platform Status, Send Request Failed. WinHTTP Cannot Connect. last error code = 12029 
16:45:37:652 [WARN]	Request Failed. ErrorCode: 112029 errorMessage: Platform Status, Send Request Failed. WinHTTP Cannot Connect. last error code = 12029 
16:46:33:661 [WARN]	Request Failed. ErrorCode: 112029 errorMessage: Platform Status, Send Request Failed. WinHTTP Cannot Connect. last error code = 12029 
16:46:47:681 [WARN]	Request Failed. ErrorCode: 112029 errorMessage: Platform Status, Send Request Failed. WinHTTP Cannot Connect. last error code = 12029 
16:47:35:517 [WARN]	proxy setting delay exceeds threshold: 2.151509 secs
16:47:35:523 [WARN]	Request Failed. ErrorCode: 112029 errorMessage: Platform Status, Send Request Failed. WinHTTP Cannot Connect. last error code = 12029 
16:48:35:532 [WARN]	Request Failed. ErrorCode: 112029 errorMessage: Platform Status, Send Request Failed. WinHTTP Cannot Connect. last error code = 12029 
16:49:25:547 [WARN]	Request Failed. ErrorCode: 112029 errorMessage: Platform Status, Send Request Failed. WinHTTP Cannot Connect. last error code = 12029 
16:49:33:571 [WARN]	Request Failed. ErrorCode: 112029 errorMessage: Platform Status, Send Request Failed. WinHTTP Cannot Connect. last error code = 12029 
16:50:33:593 [WARN]	Request Failed. ErrorCode: 112029 errorMessage: Platform Status, Send Request Failed. WinHTTP Cannot Connect. last error code = 12029 
16:50:59:602 [WARN]	Request Failed. ErrorCode: 112029 errorMessage: Platform Status, Send Request Failed. WinHTTP Cannot Connect. last error code = 12029 
16:51:55:621 [WARN]	Request Failed. ErrorCode: 112029 errorMessage: Platform Status, Send Request Failed. WinHTTP Cannot Connect. last error code = 12029 
16:52:07:641 [WARN]	Request Failed. ErrorCode: 112029 errorMessage: Platform Status, Send Request Failed. WinHTTP Cannot Connect. last error code = 12029 
16:52:53:661 [WARN]	Request Failed. ErrorCode: 112029 errorMessage: Platform Status, Send Request Failed. WinHTTP Cannot Connect. last error code = 12029 
16:53:07:675 [WARN]	Request Failed. ErrorCode: 112029 errorMessage: Platform Status, Send Request Failed. WinHTTP Cannot Connect. last error code = 12029 
16:54:07:688 [WARN]	Request Failed. ErrorCode: 112029 errorMessage: Platform Status, Send Request Failed. WinHTTP Cannot Connect. last error code = 12029 
16:54:45:698 [WARN]	Request Failed. ErrorCode: 112029 errorMessage: Platform Status, Send Request Failed. WinHTTP Cannot Connect. last error code = 12029 
16:55:21:714 [WARN]	Request Failed. ErrorCode: 112029 errorMessage: Platform Status, Send Request Failed. WinHTTP Cannot Connect. last error code = 12029 
16:55:47:732 [WARN]	Request Failed. ErrorCode: 112029 errorMessage: Platform Status, Send Request Failed. WinHTTP Cannot Connect. last error code = 12029 
16:56:03:749 [WARN]	Request Failed. ErrorCode: 112029 errorMessage: Platform Status, Send Request Failed. WinHTTP Cannot Connect. last error code = 12029 
16:56:09:754 [WARN]	Request Failed. ErrorCode: 112029 errorMessage: Platform Status, Send Request Failed. WinHTTP Cannot Connect. last error code = 12029 
16:57:03:775 [WARN]	Request Failed. ErrorCode: 112029 errorMessage: Platform Status, Send Request Failed. WinHTTP Cannot Connect. last error code = 12029 
16:57:25:799 [WARN]	Request Failed. ErrorCode: 112029 errorMessage: Platform Status, Send Request Failed. WinHTTP Cannot Connect. last error code = 12029 
16:57:37:804 [WARN]	Request Failed. ErrorCode: 112029 errorMessage: Platform Status, Send Request Failed. WinHTTP Cannot Connect. last error code = 12029 
16:58:39:816 [WARN]	Request Failed. ErrorCode: 112029 errorMessage: Platform Status, Send Request Failed. WinHTTP Cannot Connect. last error code = 12029 
16:58:45:833 [WARN]	Request Failed. ErrorCode: 112029 errorMessage: Platform Status, Send Request Failed. WinHTTP Cannot Connect. last error code = 12029 
16:59:37:842 [WARN]	Request Failed. ErrorCode: 112029 errorMessage: Platform Status, Send Request Failed. WinHTTP Cannot Connect. last error code = 12029 
17:00:35:862 [WARN]	Request Failed. ErrorCode: 112029 errorMessage: Platform Status, Send Request Failed. WinHTTP Cannot Connect. last error code = 12029 
17:00:53:880 [WARN]	Request Failed. ErrorCode: 112029 errorMessage: Platform Status, Send Request Failed. WinHTTP Cannot Connect. last error code = 12029 
17:01:41:900 [WARN]	Request Failed. ErrorCode: 112029 errorMessage: Platform Status, Send Request Failed. WinHTTP Cannot Connect. last error code = 12029 
17:01:51:908 [WARN]	Request Failed. ErrorCode: 112029 errorMessage: Platform Status, Send Request Failed. WinHTTP Cannot Connect. last error code = 12029 
17:02:53:922 [WARN]	Request Failed. ErrorCode: 112029 errorMessage: Platform Status, Send Request Failed. WinHTTP Cannot Connect. last error code = 12029 
17:03:51:940 [WARN]	Request Failed. ErrorCode: 112029 errorMessage: Platform Status, Send Request Failed. WinHTTP Cannot Connect. last error code = 12029 
17:04:31:959 [WARN]	Request Failed. ErrorCode: 112029 errorMessage: Platform Status, Send Request Failed. WinHTTP Cannot Connect. last error code = 12029 
17:04:53:974 [WARN]	Request Failed. ErrorCode: 112029 errorMessage: Platform Status, Send Request Failed. WinHTTP Cannot Connect. last error code = 12029 
17:05:49:994 [WARN]	Request Failed. ErrorCode: 112029 errorMessage: Platform Status, Send Request Failed. WinHTTP Cannot Connect. last error code = 12029 
17:06:34:010 [WARN]	Request Failed. ErrorCode: 112029 errorMessage: Platform Status, Send Request Failed. WinHTTP Cannot Connect. last error code = 12029 
17:07:16:024 [WARN]	Request Failed. ErrorCode: 112029 errorMessage: Platform Status, Send Request Failed. WinHTTP Cannot Connect. last error code = 12029 
17:07:26:035 [WARN]	Request Failed. ErrorCode: 112029 errorMessage: Platform Status, Send Request Failed. WinHTTP Cannot Connect. last error code = 12029 
17:08:20:056 [WARN]	Request Failed. ErrorCode: 112029 errorMessage: Platform Status, Send Request Failed. WinHTTP Cannot Connect. last error code = 12029 
17:08:58:065 [WARN]	Request Failed. ErrorCode: 112029 errorMessage: Platform Status, Send Request Failed. WinHTTP Cannot Connect. last error code = 12029 
17:09:24:083 [WARN]	Request Failed. ErrorCode: 112029 errorMessage: Platform Status, Send Request Failed. WinHTTP Cannot Connect. last error code = 12029 
17:09:42:095 [WARN]	Request Failed. ErrorCode: 112029 errorMessage: Platform Status, Send Request Failed. WinHTTP Cannot Connect. last error code = 12029 
17:10:02:115 [WARN]	Request Failed. ErrorCode: 112029 errorMessage: Platform Status, Send Request Failed. WinHTTP Cannot Connect. last error code = 12029 
17:10:58:135 [WARN]	Request Failed. ErrorCode: 112029 errorMessage: Platform Status, Send Request Failed. WinHTTP Cannot Connect. last error code = 12029 
17:11:52:147 [WARN]	Request Failed. ErrorCode: 112029 errorMessage: Platform Status, Send Request Failed. WinHTTP Cannot Connect. last error code = 12029 
17:12:20:159 [WARN]	Request Failed. ErrorCode: 112029 errorMessage: Platform Status, Send Request Failed. WinHTTP Cannot Connect. last error code = 12029 
17:12:56:170 [WARN]	Request Failed. ErrorCode: 112029 errorMessage: Platform Status, Send Request Failed. WinHTTP Cannot Connect. last error code = 12029 
17:12:56:174 [WARN]	Request Failed. ErrorCode: 112029 errorMessage: Platform Status, Send Request Failed. WinHTTP Cannot Connect. last error code = 12029 
17:13:48:193 [WARN]	Request Failed. ErrorCode: 112029 errorMessage: Platform Status, Send Request Failed. WinHTTP Cannot Connect. last error code = 12029 
17:14:20:203 [WARN]	Request Failed. ErrorCode: 112029 errorMessage: Platform Status, Send Request Failed. WinHTTP Cannot Connect. last error code = 12029 
17:14:48:214 [WARN]	Request Failed. ErrorCode: 112029 errorMessage: Platform Status, Send Request Failed. WinHTTP Cannot Connect. last error code = 12029 
17:14:48:218 [WARN]	Request Failed. ErrorCode: 112029 errorMessage: Platform Status, Send Request Failed. WinHTTP Cannot Connect. last error code = 12029 
17:15:36:233 [WARN]	Request Failed. ErrorCode: 112029 errorMessage: Platform Status, Send Request Failed. WinHTTP Cannot Connect. last error code = 12029 
17:16:20:244 [WARN]	Request Failed. ErrorCode: 112029 errorMessage: Platform Status, Send Request Failed. WinHTTP Cannot Connect. last error code = 12029 
17:17:18:268 [WARN]	Request Failed. ErrorCode: 112029 errorMessage: Platform Status, Send Request Failed. WinHTTP Cannot Connect. last error code = 12029 
17:17:54:277 [WARN]	Request Failed. ErrorCode: 112029 errorMessage: Platform Status, Send Request Failed. WinHTTP Cannot Connect. last error code = 12029 
17:18:33:517 [WARN]	Request Failed. ErrorCode: 112029 errorMessage: Platform Status, Send Request Failed. WinHTTP Cannot Connect. last error code = 12029 
17:19:09:536 [WARN]	Request Failed. ErrorCode: 112029 errorMessage: Platform Status, Send Request Failed. WinHTTP Cannot Connect. last error code = 12029 
17:19:53:549 [WARN]	Request Failed. ErrorCode: 112029 errorMessage: Platform Status, Send Request Failed. WinHTTP Cannot Connect. last error code = 12029 
17:20:53:576 [WARN]	Request Failed. ErrorCode: 112029 errorMessage: Platform Status, Send Request Failed. WinHTTP Cannot Connect. last error code = 12029 
17:21:51:599 [WARN]	Request Failed. ErrorCode: 112029 errorMessage: Platform Status, Send Request Failed. WinHTTP Cannot Connect. last error code = 12029 
17:22:09:611 [WARN]	Request Failed. ErrorCode: 112029 errorMessage: Platform Status, Send Request Failed. WinHTTP Cannot Connect. last error code = 12029 
17:23:05:632 [WARN]	Request Failed. ErrorCode: 112029 errorMessage: Platform Status, Send Request Failed. WinHTTP Cannot Connect. last error code = 12029 
17:23:31:650 [WARN]	Request Failed. ErrorCode: 112029 errorMessage: Platform Status, Send Request Failed. WinHTTP Cannot Connect. last error code = 12029 
17:24:01:666 [WARN]	Request Failed. ErrorCode: 112029 errorMessage: Platform Status, Send Request Failed. WinHTTP Cannot Connect. last error code = 12029 
17:24:41:677 [WARN]	Request Failed. ErrorCode: 112029 errorMessage: Platform Status, Send Request Failed. WinHTTP Cannot Connect. last error code = 12029 
17:25:17:692 [WARN]	Request Failed. ErrorCode: 112029 errorMessage: Platform Status, Send Request Failed. WinHTTP Cannot Connect. last error code = 12029 
17:25:25:699 [WARN]	Request Failed. ErrorCode: 112029 errorMessage: Platform Status, Send Request Failed. WinHTTP Cannot Connect. last error code = 12029 
17:25:25:703 [WARN]	Request Failed. ErrorCode: 112029 errorMessage: Platform Status, Send Request Failed. WinHTTP Cannot Connect. last error code = 12029 
17:25:37:713 [WARN]	Request Failed. ErrorCode: 112029 errorMessage: Platform Status, Send Request Failed. WinHTTP Cannot Connect. last error code = 12029 
17:26:09:730 [WARN]	Request Failed. ErrorCode: 112029 errorMessage: Platform Status, Send Request Failed. WinHTTP Cannot Connect. last error code = 12029 
17:26:31:739 [WARN]	Request Failed. ErrorCode: 112029 errorMessage: Platform Status, Send Request Failed. WinHTTP Cannot Connect. last error code = 12029 
17:26:39:757 [WARN]	Request Failed. ErrorCode: 112029 errorMessage: Platform Status, Send Request Failed. WinHTTP Cannot Connect. last error code = 12029 
17:27:11:778 [WARN]	Request Failed. ErrorCode: 112029 errorMessage: Platform Status, Send Request Failed. WinHTTP Cannot Connect. last error code = 12029 
17:27:57:791 [WARN]	Request Failed. ErrorCode: 112029 errorMessage: Platform Status, Send Request Failed. WinHTTP Cannot Connect. last error code = 12029 
17:28:33:808 [WARN]	Request Failed. ErrorCode: 112029 errorMessage: Platform Status, Send Request Failed. WinHTTP Cannot Connect. last error code = 12029 
17:29:27:829 [WARN]	Request Failed. ErrorCode: 112029 errorMessage: Platform Status, Send Request Failed. WinHTTP Cannot Connect. last error code = 12029 
17:29:29:834 [WARN]	Request Failed. ErrorCode: 112029 errorMessage: Platform Status, Send Request Failed. WinHTTP Cannot Connect. last error code = 12029 
17:29:33:854 [WARN]	Request Failed. ErrorCode: 112029 errorMessage: Platform Status, Send Request Failed. WinHTTP Cannot Connect. last error code = 12029 
17:30:17:877 [WARN]	Request Failed. ErrorCode: 112029 errorMessage: Platform Status, Send Request Failed. WinHTTP Cannot Connect. last error code = 12029 
17:30:21:889 [WARN]	Request Failed. ErrorCode: 112029 errorMessage: Platform Status, Send Request Failed. WinHTTP Cannot Connect. last error code = 12029 
17:30:55:898 [WARN]	Request Failed. ErrorCode: 112029 errorMessage: Platform Status, Send Request Failed. WinHTTP Cannot Connect. last error code = 12029 
17:31:53:912 [WARN]	Request Failed. ErrorCode: 112029 errorMessage: Platform Status, Send Request Failed. WinHTTP Cannot Connect. last error code = 12029 
17:31:55:930 [WARN]	Request Failed. ErrorCode: 112029 errorMessage: Platform Status, Send Request Failed. WinHTTP Cannot Connect. last error code = 12029 
17:32:17:952 [WARN]	Request Failed. ErrorCode: 112029 errorMessage: Platform Status, Send Request Failed. WinHTTP Cannot Connect. last error code = 12029 
17:33:19:975 [WARN]	Request Failed. ErrorCode: 112029 errorMessage: Platform Status, Send Request Failed. WinHTTP Cannot Connect. last error code = 12029 
17:34:11:995 [WARN]	Request Failed. ErrorCode: 112029 errorMessage: Platform Status, Send Request Failed. WinHTTP Cannot Connect. last error code = 12029 
17:34:44:019 [WARN]	Request Failed. ErrorCode: 112029 errorMessage: Platform Status, Send Request Failed. WinHTTP Cannot Connect. last error code = 12029 
17:35:04:031 [WARN]	Request Failed. ErrorCode: 112029 errorMessage: Platform Status, Send Request Failed. WinHTTP Cannot Connect. last error code = 12029 
17:35:54:045 [WARN]	Request Failed. ErrorCode: 112029 errorMessage: Platform Status, Send Request Failed. WinHTTP Cannot Connect. last error code = 12029 
17:35:58:060 [WARN]	Request Failed. ErrorCode: 112029 errorMessage: Platform Status, Send Request Failed. WinHTTP Cannot Connect. last error code = 12029 
17:36:48:070 [WARN]	Request Failed. ErrorCode: 112029 errorMessage: Platform Status, Send Request Failed. WinHTTP Cannot Connect. last error code = 12029 
17:37:24:087 [WARN]	Request Failed. ErrorCode: 112029 errorMessage: Platform Status, Send Request Failed. WinHTTP Cannot Connect. last error code = 12029 
17:38:22:097 [WARN]	Request Failed. ErrorCode: 112029 errorMessage: Platform Status, Send Request Failed. WinHTTP Cannot Connect. last error code = 12029 
17:38:40:107 [WARN]	Request Failed. ErrorCode: 112029 errorMessage: Platform Status, Send Request Failed. WinHTTP Cannot Connect. last error code = 12029 
17:39:04:118 [WARN]	Request Failed. ErrorCode: 112029 errorMessage: Platform Status, Send Request Failed. WinHTTP Cannot Connect. last error code = 12029 
17:39:04:120 [WARN]	Request Failed. ErrorCode: 112029 errorMessage: Platform Status, Send Request Failed. WinHTTP Cannot Connect. last error code = 12029 
17:40:04:135 [WARN]	Request Failed. ErrorCode: 112029 errorMessage: Platform Status, Send Request Failed. WinHTTP Cannot Connect. last error code = 12029 
17:40:14:146 [WARN]	Request Failed. ErrorCode: 112029 errorMessage: Platform Status, Send Request Failed. WinHTTP Cannot Connect. last error code = 12029 
17:41:04:155 [WARN]	Request Failed. ErrorCode: 112029 errorMessage: Platform Status, Send Request Failed. WinHTTP Cannot Connect. last error code = 12029 
17:41:46:166 [WARN]	Request Failed. ErrorCode: 112029 errorMessage: Platform Status, Send Request Failed. WinHTTP Cannot Connect. last error code = 12029 
17:42:04:190 [WARN]	Request Failed. ErrorCode: 112029 errorMessage: Platform Status, Send Request Failed. WinHTTP Cannot Connect. last error code = 12029 
17:42:04:193 [WARN]	Request Failed. ErrorCode: 112029 errorMessage: Platform Status, Send Request Failed. WinHTTP Cannot Connect. last error code = 12029 
17:42:40:203 [WARN]	Request Failed. ErrorCode: 112029 errorMessage: Platform Status, Send Request Failed. WinHTTP Cannot Connect. last error code = 12029 
17:43:00:213 [WARN]	Request Failed. ErrorCode: 112029 errorMessage: Platform Status, Send Request Failed. WinHTTP Cannot Connect. last error code = 12029 
17:43:18:234 [WARN]	Request Failed. ErrorCode: 112029 errorMessage: Platform Status, Send Request Failed. WinHTTP Cannot Connect. last error code = 12029 
17:43:42:249 [WARN]	Request Failed. ErrorCode: 112029 errorMessage: Platform Status, Send Request Failed. WinHTTP Cannot Connect. last error code = 12029 
17:44:20:260 [WARN]	Request Failed. ErrorCode: 112029 errorMessage: Platform Status, Send Request Failed. WinHTTP Cannot Connect. last error code = 12029 
17:45:22:270 [WARN]	Request Failed. ErrorCode: 112029 errorMessage: Platform Status, Send Request Failed. WinHTTP Cannot Connect. last error code = 12029 
17:45:36:291 [WARN]	Request Failed. ErrorCode: 112029 errorMessage: Platform Status, Send Request Failed. WinHTTP Cannot Connect. last error code = 12029 
17:46:20:308 [WARN]	Request Failed. ErrorCode: 112029 errorMessage: Platform Status, Send Request Failed. WinHTTP Cannot Connect. last error code = 12029 
17:47:22:330 [WARN]	Request Failed. ErrorCode: 112029 errorMessage: Platform Status, Send Request Failed. WinHTTP Cannot Connect. last error code = 12029 
17:48:02:352 [WARN]	Request Failed. ErrorCode: 112029 errorMessage: Platform Status, Send Request Failed. WinHTTP Cannot Connect. last error code = 12029 
17:48:46:365 [WARN]	Request Failed. ErrorCode: 112029 errorMessage: Platform Status, Send Request Failed. WinHTTP Cannot Connect. last error code = 12029 
17:49:46:387 [WARN]	Request Failed. ErrorCode: 112029 errorMessage: Platform Status, Send Request Failed. WinHTTP Cannot Connect. last error code = 12029 
17:50:12:399 [WARN]	Request Failed. ErrorCode: 112029 errorMessage: Platform Status, Send Request Failed. WinHTTP Cannot Connect. last error code = 12029 
17:51:29:340 [WARN]	Request Failed. ErrorCode: 112029 errorMessage: Platform Status, Send Request Failed. WinHTTP Cannot Connect. last error code = 12029 
17:51:57:354 [WARN]	Request Failed. ErrorCode: 112029 errorMessage: Platform Status, Send Request Failed. WinHTTP Cannot Connect. last error code = 12029 
17:52:09:365 [WARN]	Request Failed. ErrorCode: 112029 errorMessage: Platform Status, Send Request Failed. WinHTTP Cannot Connect. last error code = 12029 
17:52:15:381 [WARN]	Request Failed. ErrorCode: 112029 errorMessage: Platform Status, Send Request Failed. WinHTTP Cannot Connect. last error code = 12029 
17:52:45:397 [WARN]	Request Failed. ErrorCode: 112029 errorMessage: Platform Status, Send Request Failed. WinHTTP Cannot Connect. last error code = 12029 
17:53:31:417 [WARN]	Request Failed. ErrorCode: 112029 errorMessage: Platform Status, Send Request Failed. WinHTTP Cannot Connect. last error code = 12029 
17:53:49:436 [WARN]	Request Failed. ErrorCode: 112029 errorMessage: Platform Status, Send Request Failed. WinHTTP Cannot Connect. last error code = 12029 
17:53:51:442 [WARN]	Request Failed. ErrorCode: 112029 errorMessage: Platform Status, Send Request Failed. WinHTTP Cannot Connect. last error code = 12029 
17:54:53:461 [WARN]	Request Failed. ErrorCode: 112029 errorMessage: Platform Status, Send Request Failed. WinHTTP Cannot Connect. last error code = 12029 
17:55:11:465 [WARN]	Request Failed. ErrorCode: 112029 errorMessage: Platform Status, Send Request Failed. WinHTTP Cannot Connect. last error code = 12029 
17:55:41:477 [WARN]	Request Failed. ErrorCode: 112029 errorMessage: Platform Status, Send Request Failed. WinHTTP Cannot Connect. last error code = 12029 
17:55:43:494 [WARN]	Request Failed. ErrorCode: 112029 errorMessage: Platform Status, Send Request Failed. WinHTTP Cannot Connect. last error code = 12029 
17:56:09:514 [WARN]	Request Failed. ErrorCode: 112029 errorMessage: Platform Status, Send Request Failed. WinHTTP Cannot Connect. last error code = 12029 
17:56:43:526 [WARN]	Request Failed. ErrorCode: 112029 errorMessage: Platform Status, Send Request Failed. WinHTTP Cannot Connect. last error code = 12029 
17:57:43:547 [WARN]	Request Failed. ErrorCode: 112029 errorMessage: Platform Status, Send Request Failed. WinHTTP Cannot Connect. last error code = 12029 
17:58:41:567 [WARN]	Request Failed. ErrorCode: 112029 errorMessage: Platform Status, Send Request Failed. WinHTTP Cannot Connect. last error code = 12029 
17:59:37:592 [WARN]	Request Failed. ErrorCode: 112029 errorMessage: Platform Status, Send Request Failed. WinHTTP Cannot Connect. last error code = 12029 
18:00:21:601 [WARN]	Request Failed. ErrorCode: 112029 errorMessage: Platform Status, Send Request Failed. WinHTTP Cannot Connect. last error code = 12029 
18:00:57:614 [WARN]	Request Failed. ErrorCode: 112029 errorMessage: Platform Status, Send Request Failed. WinHTTP Cannot Connect. last error code = 12029 
18:01:33:636 [WARN]	Request Failed. ErrorCode: 112029 errorMessage: Platform Status, Send Request Failed. WinHTTP Cannot Connect. last error code = 12029 
18:01:45:646 [WARN]	Request Failed. ErrorCode: 112029 errorMessage: Platform Status, Send Request Failed. WinHTTP Cannot Connect. last error code = 12029 
18:02:43:658 [WARN]	Request Failed. ErrorCode: 112029 errorMessage: Platform Status, Send Request Failed. WinHTTP Cannot Connect. last error code = 12029 
18:03:15:667 [WARN]	Request Failed. ErrorCode: 112029 errorMessage: Platform Status, Send Request Failed. WinHTTP Cannot Connect. last error code = 12029 
18:03:23:675 [WARN]	Request Failed. ErrorCode: 112029 errorMessage: Platform Status, Send Request Failed. WinHTTP Cannot Connect. last error code = 12029 
18:03:53:699 [WARN]	Request Failed. ErrorCode: 112029 errorMessage: Platform Status, Send Request Failed. WinHTTP Cannot Connect. last error code = 12029 
18:04:13:719 [WARN]	Request Failed. ErrorCode: 112029 errorMessage: Platform Status, Send Request Failed. WinHTTP Cannot Connect. last error code = 12029 
18:04:59:730 [WARN]	Request Failed. ErrorCode: 112029 errorMessage: Platform Status, Send Request Failed. WinHTTP Cannot Connect. last error code = 12029 
18:05:03:748 [WARN]	Request Failed. ErrorCode: 112029 errorMessage: Platform Status, Send Request Failed. WinHTTP Cannot Connect. last error code = 12029 
18:05:49:768 [WARN]	Request Failed. ErrorCode: 112029 errorMessage: Platform Status, Send Request Failed. WinHTTP Cannot Connect. last error code = 12029 
18:06:05:779 [WARN]	Request Failed. ErrorCode: 112029 errorMessage: Platform Status, Send Request Failed. WinHTTP Cannot Connect. last error code = 12029 
18:06:55:796 [WARN]	Request Failed. ErrorCode: 112029 errorMessage: Platform Status, Send Request Failed. WinHTTP Cannot Connect. last error code = 12029 
18:07:19:803 [WARN]	Request Failed. ErrorCode: 112029 errorMessage: Platform Status, Send Request Failed. WinHTTP Cannot Connect. last error code = 12029 
18:07:57:815 [WARN]	Request Failed. ErrorCode: 112029 errorMessage: Platform Status, Send Request Failed. WinHTTP Cannot Connect. last error code = 12029 
18:08:19:835 [WARN]	Request Failed. ErrorCode: 112029 errorMessage: Platform Status, Send Request Failed. WinHTTP Cannot Connect. last error code = 12029 
18:08:37:851 [WARN]	Request Failed. ErrorCode: 112029 errorMessage: Platform Status, Send Request Failed. WinHTTP Cannot Connect. last error code = 12029 
18:09:13:862 [WARN]	Request Failed. ErrorCode: 112029 errorMessage: Platform Status, Send Request Failed. WinHTTP Cannot Connect. last error code = 12029 
18:10:13:878 [WARN]	Request Failed. ErrorCode: 112029 errorMessage: Platform Status, Send Request Failed. WinHTTP Cannot Connect. last error code = 12029 
18:10:51:899 [WARN]	Request Failed. ErrorCode: 112029 errorMessage: Platform Status, Send Request Failed. WinHTTP Cannot Connect. last error code = 12029 
18:11:31:922 [WARN]	Request Failed. ErrorCode: 112029 errorMessage: Platform Status, Send Request Failed. WinHTTP Cannot Connect. last error code = 12029 
18:12:31:933 [WARN]	Request Failed. ErrorCode: 112029 errorMessage: Platform Status, Send Request Failed. WinHTTP Cannot Connect. last error code = 12029 
18:12:55:946 [WARN]	Request Failed. ErrorCode: 112029 errorMessage: Platform Status, Send Request Failed. WinHTTP Cannot Connect. last error code = 12029 
18:13:35:966 [WARN]	Request Failed. ErrorCode: 112029 errorMessage: Platform Status, Send Request Failed. WinHTTP Cannot Connect. last error code = 12029 
18:14:17:976 [WARN]	Request Failed. ErrorCode: 112029 errorMessage: Platform Status, Send Request Failed. WinHTTP Cannot Connect. last error code = 12029 
18:14:57:983 [WARN]	Request Failed. ErrorCode: 112029 errorMessage: Platform Status, Send Request Failed. WinHTTP Cannot Connect. last error code = 12029 
18:15:59:997 [WARN]	Request Failed. ErrorCode: 112029 errorMessage: Platform Status, Send Request Failed. WinHTTP Cannot Connect. last error code = 12029 
18:16:40:014 [WARN]	Request Failed. ErrorCode: 112029 errorMessage: Platform Status, Send Request Failed. WinHTTP Cannot Connect. last error code = 12029 
18:16:48:023 [WARN]	Request Failed. ErrorCode: 112029 errorMessage: Platform Status, Send Request Failed. WinHTTP Cannot Connect. last error code = 12029 
18:17:38:033 [WARN]	Request Failed. ErrorCode: 112029 errorMessage: Platform Status, Send Request Failed. WinHTTP Cannot Connect. last error code = 12029 
18:18:38:049 [WARN]	Request Failed. ErrorCode: 112029 errorMessage: Platform Status, Send Request Failed. WinHTTP Cannot Connect. last error code = 12029 
18:19:20:066 [WARN]	Request Failed. ErrorCode: 112029 errorMessage: Platform Status, Send Request Failed. WinHTTP Cannot Connect. last error code = 12029 
18:19:50:076 [WARN]	Request Failed. ErrorCode: 112029 errorMessage: Platform Status, Send Request Failed. WinHTTP Cannot Connect. last error code = 12029 
18:20:26:094 [WARN]	Request Failed. ErrorCode: 112029 errorMessage: Platform Status, Send Request Failed. WinHTTP Cannot Connect. last error code = 12029 
18:20:30:113 [WARN]	Request Failed. ErrorCode: 112029 errorMessage: Platform Status, Send Request Failed. WinHTTP Cannot Connect. last error code = 12029 
18:21:10:130 [WARN]	Request Failed. ErrorCode: 112029 errorMessage: Platform Status, Send Request Failed. WinHTTP Cannot Connect. last error code = 12029 
18:21:56:052 [WARN]	Request Failed. ErrorCode: 112029 errorMessage: Platform Status, Send Request Failed. WinHTTP Cannot Connect. last error code = 12029 
18:22:26:064 [WARN]	Request Failed. ErrorCode: 112029 errorMessage: Platform Status, Send Request Failed. WinHTTP Cannot Connect. last error code = 12029 
18:23:04:079 [WARN]	Request Failed. ErrorCode: 112029 errorMessage: Platform Status, Send Request Failed. WinHTTP Cannot Connect. last error code = 12029 
18:23:36:098 [WARN]	Request Failed. ErrorCode: 112029 errorMessage: Platform Status, Send Request Failed. WinHTTP Cannot Connect. last error code = 12029 
18:24:02:117 [WARN]	Request Failed. ErrorCode: 112029 errorMessage: Platform Status, Send Request Failed. WinHTTP Cannot Connect. last error code = 12029 
18:24:18:136 [WARN]	Request Failed. ErrorCode: 112029 errorMessage: Platform Status, Send Request Failed. WinHTTP Cannot Connect. last error code = 12029 
18:24:56:153 [WARN]	Request Failed. ErrorCode: 112029 errorMessage: Platform Status, Send Request Failed. WinHTTP Cannot Connect. last error code = 12029 
18:25:26:171 [WARN]	Request Failed. ErrorCode: 112029 errorMessage: Platform Status, Send Request Failed. WinHTTP Cannot Connect. last error code = 12029 
18:26:08:182 [WARN]	Request Failed. ErrorCode: 112029 errorMessage: Platform Status, Send Request Failed. WinHTTP Cannot Connect. last error code = 12029 
18:26:20:187 [WARN]	Request Failed. ErrorCode: 112029 errorMessage: Platform Status, Send Request Failed. WinHTTP Cannot Connect. last error code = 12029 
18:27:10:210 [WARN]	Request Failed. ErrorCode: 112029 errorMessage: Platform Status, Send Request Failed. WinHTTP Cannot Connect. last error code = 12029 
18:28:08:233 [WARN]	Request Failed. ErrorCode: 112029 errorMessage: Platform Status, Send Request Failed. WinHTTP Cannot Connect. last error code = 12029 
18:28:28:256 [WARN]	Request Failed. ErrorCode: 112029 errorMessage: Platform Status, Send Request Failed. WinHTTP Cannot Connect. last error code = 12029 
18:28:38:268 [WARN]	Request Failed. ErrorCode: 112029 errorMessage: Platform Status, Send Request Failed. WinHTTP Cannot Connect. last error code = 12029 
18:28:38:272 [WARN]	Request Failed. ErrorCode: 112029 errorMessage: Platform Status, Send Request Failed. WinHTTP Cannot Connect. last error code = 12029 
18:29:24:290 [WARN]	Request Failed. ErrorCode: 112029 errorMessage: Platform Status, Send Request Failed. WinHTTP Cannot Connect. last error code = 12029 
18:29:46:304 [WARN]	Request Failed. ErrorCode: 112029 errorMessage: Platform Status, Send Request Failed. WinHTTP Cannot Connect. last error code = 12029 
18:30:34:326 [WARN]	Request Failed. ErrorCode: 112029 errorMessage: Platform Status, Send Request Failed. WinHTTP Cannot Connect. last error code = 12029 
18:30:36:343 [WARN]	Request Failed. ErrorCode: 112029 errorMessage: Platform Status, Send Request Failed. WinHTTP Cannot Connect. last error code = 12029 
18:30:50:354 [WARN]	Request Failed. ErrorCode: 112029 errorMessage: Platform Status, Send Request Failed. WinHTTP Cannot Connect. last error code = 12029 
18:30:58:363 [WARN]	Request Failed. ErrorCode: 112029 errorMessage: Platform Status, Send Request Failed. WinHTTP Cannot Connect. last error code = 12029 
18:31:26:380 [WARN]	Request Failed. ErrorCode: 112029 errorMessage: Platform Status, Send Request Failed. WinHTTP Cannot Connect. last error code = 12029 
18:32:28:391 [WARN]	Request Failed. ErrorCode: 112029 errorMessage: Platform Status, Send Request Failed. WinHTTP Cannot Connect. last error code = 12029 
18:33:00:403 [WARN]	Request Failed. ErrorCode: 112029 errorMessage: Platform Status, Send Request Failed. WinHTTP Cannot Connect. last error code = 12029 
18:33:00:406 [WARN]	Request Failed. ErrorCode: 112029 errorMessage: Platform Status, Send Request Failed. WinHTTP Cannot Connect. last error code = 12029 
18:33:40:426 [WARN]	Request Failed. ErrorCode: 112029 errorMessage: Platform Status, Send Request Failed. WinHTTP Cannot Connect. last error code = 12029 
18:33:42:440 [WARN]	Request Failed. ErrorCode: 112029 errorMessage: Platform Status, Send Request Failed. WinHTTP Cannot Connect. last error code = 12029 
18:34:08:453 [WARN]	Request Failed. ErrorCode: 112029 errorMessage: Platform Status, Send Request Failed. WinHTTP Cannot Connect. last error code = 12029 
18:35:08:466 [WARN]	Request Failed. ErrorCode: 112029 errorMessage: Platform Status, Send Request Failed. WinHTTP Cannot Connect. last error code = 12029 
18:36:02:474 [WARN]	Request Failed. ErrorCode: 112029 errorMessage: Platform Status, Send Request Failed. WinHTTP Cannot Connect. last error code = 12029 
18:36:12:485 [WARN]	Request Failed. ErrorCode: 112029 errorMessage: Platform Status, Send Request Failed. WinHTTP Cannot Connect. last error code = 12029 
18:36:54:495 [WARN]	Request Failed. ErrorCode: 112029 errorMessage: Platform Status, Send Request Failed. WinHTTP Cannot Connect. last error code = 12029 
18:37:08:513 [WARN]	Request Failed. ErrorCode: 112029 errorMessage: Platform Status, Send Request Failed. WinHTTP Cannot Connect. last error code = 12029 
18:38:02:521 [WARN]	Request Failed. ErrorCode: 112029 errorMessage: Platform Status, Send Request Failed. WinHTTP Cannot Connect. last error code = 12029 
18:38:40:542 [WARN]	Request Failed. ErrorCode: 112029 errorMessage: Platform Status, Send Request Failed. WinHTTP Cannot Connect. last error code = 12029 
18:38:44:555 [WARN]	Request Failed. ErrorCode: 112029 errorMessage: Platform Status, Send Request Failed. WinHTTP Cannot Connect. last error code = 12029 
18:39:46:565 [WARN]	Request Failed. ErrorCode: 112029 errorMessage: Platform Status, Send Request Failed. WinHTTP Cannot Connect. last error code = 12029 
18:40:34:574 [WARN]	Request Failed. ErrorCode: 112029 errorMessage: Platform Status, Send Request Failed. WinHTTP Cannot Connect. last error code = 12029 
18:41:06:595 [WARN]	Request Failed. ErrorCode: 112029 errorMessage: Platform Status, Send Request Failed. WinHTTP Cannot Connect. last error code = 12029 
18:41:42:604 [WARN]	Request Failed. ErrorCode: 112029 errorMessage: Platform Status, Send Request Failed. WinHTTP Cannot Connect. last error code = 12029 
18:42:34:620 [WARN]	Request Failed. ErrorCode: 112029 errorMessage: Platform Status, Send Request Failed. WinHTTP Cannot Connect. last error code = 12029 
18:42:42:627 [WARN]	Request Failed. ErrorCode: 112029 errorMessage: Platform Status, Send Request Failed. WinHTTP Cannot Connect. last error code = 12029 
18:43:22:643 [WARN]	Request Failed. ErrorCode: 112029 errorMessage: Platform Status, Send Request Failed. WinHTTP Cannot Connect. last error code = 12029 
18:43:50:654 [WARN]	Request Failed. ErrorCode: 112029 errorMessage: Platform Status, Send Request Failed. WinHTTP Cannot Connect. last error code = 12029 
18:44:24:671 [WARN]	Request Failed. ErrorCode: 112029 errorMessage: Platform Status, Send Request Failed. WinHTTP Cannot Connect. last error code = 12029 
18:44:34:687 [WARN]	Request Failed. ErrorCode: 112029 errorMessage: Platform Status, Send Request Failed. WinHTTP Cannot Connect. last error code = 12029 
18:45:34:710 [WARN]	Request Failed. ErrorCode: 112029 errorMessage: Platform Status, Send Request Failed. WinHTTP Cannot Connect. last error code = 12029 
18:45:52:729 [WARN]	Request Failed. ErrorCode: 112029 errorMessage: Platform Status, Send Request Failed. WinHTTP Cannot Connect. last error code = 12029 
18:46:34:746 [WARN]	Request Failed. ErrorCode: 112029 errorMessage: Platform Status, Send Request Failed. WinHTTP Cannot Connect. last error code = 12029 
18:47:22:755 [WARN]	Request Failed. ErrorCode: 112029 errorMessage: Platform Status, Send Request Failed. WinHTTP Cannot Connect. last error code = 12029 
18:47:34:772 [WARN]	Request Failed. ErrorCode: 112029 errorMessage: Platform Status, Send Request Failed. WinHTTP Cannot Connect. last error code = 12029 
18:47:54:781 [WARN]	Request Failed. ErrorCode: 112029 errorMessage: Platform Status, Send Request Failed. WinHTTP Cannot Connect. last error code = 12029 
18:48:02:798 [WARN]	Request Failed. ErrorCode: 112029 errorMessage: Platform Status, Send Request Failed. WinHTTP Cannot Connect. last error code = 12029 
18:48:46:815 [WARN]	Request Failed. ErrorCode: 112029 errorMessage: Platform Status, Send Request Failed. WinHTTP Cannot Connect. last error code = 12029 
18:49:24:828 [WARN]	Request Failed. ErrorCode: 112029 errorMessage: Platform Status, Send Request Failed. WinHTTP Cannot Connect. last error code = 12029 
18:49:52:833 [WARN]	Request Failed. ErrorCode: 112029 errorMessage: Platform Status, Send Request Failed. WinHTTP Cannot Connect. last error code = 12029 
18:50:42:847 [WARN]	Request Failed. ErrorCode: 112029 errorMessage: Platform Status, Send Request Failed. WinHTTP Cannot Connect. last error code = 12029 
18:51:26:862 [WARN]	Request Failed. ErrorCode: 112029 errorMessage: Platform Status, Send Request Failed. WinHTTP Cannot Connect. last error code = 12029 
18:51:56:882 [WARN]	Request Failed. ErrorCode: 112029 errorMessage: Platform Status, Send Request Failed. WinHTTP Cannot Connect. last error code = 12029 
18:52:32:426 [WARN]	Request Failed. ErrorCode: 112007 errorMessage: Platform Status, Send Request Failed. WinHTTP Name Not Resolved. last error code = 12007 
18:52:48:447 [WARN]	Request Failed. ErrorCode: 112029 errorMessage: Platform Status, Send Request Failed. WinHTTP Cannot Connect. last error code = 12029 
18:53:28:466 [WARN]	Request Failed. ErrorCode: 112029 errorMessage: Platform Status, Send Request Failed. WinHTTP Cannot Connect. last error code = 12029 
18:54:14:480 [WARN]	Request Failed. ErrorCode: 112029 errorMessage: Platform Status, Send Request Failed. WinHTTP Cannot Connect. last error code = 12029 
18:54:34:498 [WARN]	Request Failed. ErrorCode: 112029 errorMessage: Platform Status, Send Request Failed. WinHTTP Cannot Connect. last error code = 12029 
18:54:54:548 [WARN]	Request Failed. ErrorCode: 112029 errorMessage: Platform Status, Send Request Failed. WinHTTP Cannot Connect. last error code = 12029 
18:55:26:565 [WARN]	Request Failed. ErrorCode: 112029 errorMessage: Platform Status, Send Request Failed. WinHTTP Cannot Connect. last error code = 12029 
18:56:12:575 [WARN]	Request Failed. ErrorCode: 112029 errorMessage: Platform Status, Send Request Failed. WinHTTP Cannot Connect. last error code = 12029 
18:56:28:584 [WARN]	Request Failed. ErrorCode: 112029 errorMessage: Platform Status, Send Request Failed. WinHTTP Cannot Connect. last error code = 12029 
18:57:12:596 [WARN]	Request Failed. ErrorCode: 112029 errorMessage: Platform Status, Send Request Failed. WinHTTP Cannot Connect. last error code = 12029 
18:58:04:620 [WARN]	Request Failed. ErrorCode: 112029 errorMessage: Platform Status, Send Request Failed. WinHTTP Cannot Connect. last error code = 12029 
18:58:48:630 [WARN]	Request Failed. ErrorCode: 112029 errorMessage: Platform Status, Send Request Failed. WinHTTP Cannot Connect. last error code = 12029 
18:59:42:642 [WARN]	Request Failed. ErrorCode: 112029 errorMessage: Platform Status, Send Request Failed. WinHTTP Cannot Connect. last error code = 12029 
19:00:16:651 [WARN]	Request Failed. ErrorCode: 112029 errorMessage: Platform Status, Send Request Failed. WinHTTP Cannot Connect. last error code = 12029 
19:00:42:672 [WARN]	Request Failed. ErrorCode: 112029 errorMessage: Platform Status, Send Request Failed. WinHTTP Cannot Connect. last error code = 12029 
19:01:10:687 [WARN]	Request Failed. ErrorCode: 112029 errorMessage: Platform Status, Send Request Failed. WinHTTP Cannot Connect. last error code = 12029 
19:01:18:693 [WARN]	Request Failed. ErrorCode: 112029 errorMessage: Platform Status, Send Request Failed. WinHTTP Cannot Connect. last error code = 12029 
19:01:34:707 [WARN]	Request Failed. ErrorCode: 112029 errorMessage: Platform Status, Send Request Failed. WinHTTP Cannot Connect. last error code = 12029 
19:02:24:725 [WARN]	Request Failed. ErrorCode: 112029 errorMessage: Platform Status, Send Request Failed. WinHTTP Cannot Connect. last error code = 12029 
19:03:24:739 [WARN]	Request Failed. ErrorCode: 112029 errorMessage: Platform Status, Send Request Failed. WinHTTP Cannot Connect. last error code = 12029 
19:04:00:752 [WARN]	Request Failed. ErrorCode: 112029 errorMessage: Platform Status, Send Request Failed. WinHTTP Cannot Connect. last error code = 12029 
19:04:54:775 [WARN]	Request Failed. ErrorCode: 112029 errorMessage: Platform Status, Send Request Failed. WinHTTP Cannot Connect. last error code = 12029 
19:05:04:791 [WARN]	Request Failed. ErrorCode: 112029 errorMessage: Platform Status, Send Request Failed. WinHTTP Cannot Connect. last error code = 12029 
19:05:10:813 [WARN]	Request Failed. ErrorCode: 112029 errorMessage: Platform Status, Send Request Failed. WinHTTP Cannot Connect. last error code = 12029 
19:05:20:826 [WARN]	Request Failed. ErrorCode: 112029 errorMessage: Platform Status, Send Request Failed. WinHTTP Cannot Connect. last error code = 12029 
19:06:16:837 [WARN]	Request Failed. ErrorCode: 112029 errorMessage: Platform Status, Send Request Failed. WinHTTP Cannot Connect. last error code = 12029 
19:06:56:850 [WARN]	Request Failed. ErrorCode: 112029 errorMessage: Platform Status, Send Request Failed. WinHTTP Cannot Connect. last error code = 12029 
19:07:06:870 [WARN]	Request Failed. ErrorCode: 112029 errorMessage: Platform Status, Send Request Failed. WinHTTP Cannot Connect. last error code = 12029 
19:07:44:897 [WARN]	Request Failed. ErrorCode: 112029 errorMessage: Platform Status, Send Request Failed. WinHTTP Cannot Connect. last error code = 12029 
19:08:32:905 [WARN]	Request Failed. ErrorCode: 112029 errorMessage: Platform Status, Send Request Failed. WinHTTP Cannot Connect. last error code = 12029 
19:08:48:916 [WARN]	Request Failed. ErrorCode: 112029 errorMessage: Platform Status, Send Request Failed. WinHTTP Cannot Connect. last error code = 12029 
19:09:16:937 [WARN]	Request Failed. ErrorCode: 112029 errorMessage: Platform Status, Send Request Failed. WinHTTP Cannot Connect. last error code = 12029 
19:09:38:946 [WARN]	Request Failed. ErrorCode: 112029 errorMessage: Platform Status, Send Request Failed. WinHTTP Cannot Connect. last error code = 12029 
19:10:20:963 [WARN]	Request Failed. ErrorCode: 112029 errorMessage: Platform Status, Send Request Failed. WinHTTP Cannot Connect. last error code = 12029 
19:10:30:979 [WARN]	Request Failed. ErrorCode: 112029 errorMessage: Platform Status, Send Request Failed. WinHTTP Cannot Connect. last error code = 12029 
19:10:30:983 [WARN]	Request Failed. ErrorCode: 112029 errorMessage: Platform Status, Send Request Failed. WinHTTP Cannot Connect. last error code = 12029 
19:11:20:995 [WARN]	Request Failed. ErrorCode: 112029 errorMessage: Platform Status, Send Request Failed. WinHTTP Cannot Connect. last error code = 12029 
19:12:19:011 [WARN]	Request Failed. ErrorCode: 112029 errorMessage: Platform Status, Send Request Failed. WinHTTP Cannot Connect. last error code = 12029 
19:13:05:031 [WARN]	Request Failed. ErrorCode: 112029 errorMessage: Platform Status, Send Request Failed. WinHTTP Cannot Connect. last error code = 12029 
19:13:19:043 [WARN]	Request Failed. ErrorCode: 112029 errorMessage: Platform Status, Send Request Failed. WinHTTP Cannot Connect. last error code = 12029 
19:13:39:053 [WARN]	Request Failed. ErrorCode: 112029 errorMessage: Platform Status, Send Request Failed. WinHTTP Cannot Connect. last error code = 12029 
19:14:29:073 [WARN]	Request Failed. ErrorCode: 112029 errorMessage: Platform Status, Send Request Failed. WinHTTP Cannot Connect. last error code = 12029 
19:15:13:095 [WARN]	Request Failed. ErrorCode: 112029 errorMessage: Platform Status, Send Request Failed. WinHTTP Cannot Connect. last error code = 12029 
19:15:39:111 [WARN]	Request Failed. ErrorCode: 112029 errorMessage: Platform Status, Send Request Failed. WinHTTP Cannot Connect. last error code = 12029 
19:16:11:125 [WARN]	Request Failed. ErrorCode: 112029 errorMessage: Platform Status, Send Request Failed. WinHTTP Cannot Connect. last error code = 12029 
19:16:15:135 [WARN]	Request Failed. ErrorCode: 112029 errorMessage: Platform Status, Send Request Failed. WinHTTP Cannot Connect. last error code = 12029 
19:16:33:151 [WARN]	Request Failed. ErrorCode: 112029 errorMessage: Platform Status, Send Request Failed. WinHTTP Cannot Connect. last error code = 12029 
19:16:59:164 [WARN]	Request Failed. ErrorCode: 112029 errorMessage: Platform Status, Send Request Failed. WinHTTP Cannot Connect. last error code = 12029 
19:17:15:175 [WARN]	Request Failed. ErrorCode: 112029 errorMessage: Platform Status, Send Request Failed. WinHTTP Cannot Connect. last error code = 12029 
19:17:55:186 [WARN]	Request Failed. ErrorCode: 112029 errorMessage: Platform Status, Send Request Failed. WinHTTP Cannot Connect. last error code = 12029 
19:18:13:197 [WARN]	Request Failed. ErrorCode: 112029 errorMessage: Platform Status, Send Request Failed. WinHTTP Cannot Connect. last error code = 12029 
19:18:33:204 [WARN]	Request Failed. ErrorCode: 112029 errorMessage: Platform Status, Send Request Failed. WinHTTP Cannot Connect. last error code = 12029 
19:19:23:227 [WARN]	Request Failed. ErrorCode: 112029 errorMessage: Platform Status, Send Request Failed. WinHTTP Cannot Connect. last error code = 12029 
19:19:33:234 [WARN]	Request Failed. ErrorCode: 112029 errorMessage: Platform Status, Send Request Failed. WinHTTP Cannot Connect. last error code = 12029 
19:19:49:249 [WARN]	Request Failed. ErrorCode: 112029 errorMessage: Platform Status, Send Request Failed. WinHTTP Cannot Connect. last error code = 12029 
19:19:51:262 [WARN]	Request Failed. ErrorCode: 112029 errorMessage: Platform Status, Send Request Failed. WinHTTP Cannot Connect. last error code = 12029 
19:19:51:267 [WARN]	Request Failed. ErrorCode: 112029 errorMessage: Platform Status, Send Request Failed. WinHTTP Cannot Connect. last error code = 12029 
19:20:31:287 [WARN]	Request Failed. ErrorCode: 112029 errorMessage: Platform Status, Send Request Failed. WinHTTP Cannot Connect. last error code = 12029 
19:21:05:310 [WARN]	Request Failed. ErrorCode: 112029 errorMessage: Platform Status, Send Request Failed. WinHTTP Cannot Connect. last error code = 12029 
19:21:59:321 [WARN]	Request Failed. ErrorCode: 112029 errorMessage: Platform Status, Send Request Failed. WinHTTP Cannot Connect. last error code = 12029 
19:22:19:342 [WARN]	Request Failed. ErrorCode: 112029 errorMessage: Platform Status, Send Request Failed. WinHTTP Cannot Connect. last error code = 12029 
19:22:29:349 [WARN]	Request Failed. ErrorCode: 112029 errorMessage: Platform Status, Send Request Failed. WinHTTP Cannot Connect. last error code = 12029 
19:23:25:396 [WARN]	proxy setting delay exceeds threshold: 1.032916 secs
19:23:25:436 [WARN]	Request Failed. ErrorCode: 112029 errorMessage: Platform Status, Send Request Failed. WinHTTP Cannot Connect. last error code = 12029 
19:23:41:454 [WARN]	Request Failed. ErrorCode: 112029 errorMessage: Platform Status, Send Request Failed. WinHTTP Cannot Connect. last error code = 12029 
19:23:43:470 [WARN]	Request Failed. ErrorCode: 112029 errorMessage: Platform Status, Send Request Failed. WinHTTP Cannot Connect. last error code = 12029 
19:24:07:489 [WARN]	Request Failed. ErrorCode: 112029 errorMessage: Platform Status, Send Request Failed. WinHTTP Cannot Connect. last error code = 12029 
19:24:51:512 [WARN]	Request Failed. ErrorCode: 112029 errorMessage: Platform Status, Send Request Failed. WinHTTP Cannot Connect. last error code = 12029 
19:25:09:537 [WARN]	Request Failed. ErrorCode: 112029 errorMessage: Platform Status, Send Request Failed. WinHTTP Cannot Connect. last error code = 12029 
19:25:31:544 [WARN]	Request Failed. ErrorCode: 112029 errorMessage: Platform Status, Send Request Failed. WinHTTP Cannot Connect. last error code = 12029 
19:25:45:559 [WARN]	Request Failed. ErrorCode: 112029 errorMessage: Platform Status, Send Request Failed. WinHTTP Cannot Connect. last error code = 12029 
19:26:31:579 [WARN]	Request Failed. ErrorCode: 112029 errorMessage: Platform Status, Send Request Failed. WinHTTP Cannot Connect. last error code = 12029 
19:26:55:589 [WARN]	Request Failed. ErrorCode: 112029 errorMessage: Platform Status, Send Request Failed. WinHTTP Cannot Connect. last error code = 12029 
19:27:25:605 [WARN]	Request Failed. ErrorCode: 112029 errorMessage: Platform Status, Send Request Failed. WinHTTP Cannot Connect. last error code = 12029 
19:27:59:615 [WARN]	Request Failed. ErrorCode: 112029 errorMessage: Platform Status, Send Request Failed. WinHTTP Cannot Connect. last error code = 12029 
19:28:41:623 [WARN]	Request Failed. ErrorCode: 112029 errorMessage: Platform Status, Send Request Failed. WinHTTP Cannot Connect. last error code = 12029 
19:29:39:641 [WARN]	Request Failed. ErrorCode: 112029 errorMessage: Platform Status, Send Request Failed. WinHTTP Cannot Connect. last error code = 12029 
19:30:31:650 [WARN]	Request Failed. ErrorCode: 112029 errorMessage: Platform Status, Send Request Failed. WinHTTP Cannot Connect. last error code = 12029 
19:31:13:665 [WARN]	Request Failed. ErrorCode: 112029 errorMessage: Platform Status, Send Request Failed. WinHTTP Cannot Connect. last error code = 12029 
19:31:15:670 [WARN]	Request Failed. ErrorCode: 112029 errorMessage: Platform Status, Send Request Failed. WinHTTP Cannot Connect. last error code = 12029 
19:32:09:692 [WARN]	Request Failed. ErrorCode: 112029 errorMessage: Platform Status, Send Request Failed. WinHTTP Cannot Connect. last error code = 12029 
19:32:11:703 [WARN]	Request Failed. ErrorCode: 112029 errorMessage: Platform Status, Send Request Failed. WinHTTP Cannot Connect. last error code = 12029 
19:32:11:705 [WARN]	Request Failed. ErrorCode: 112029 errorMessage: Platform Status, Send Request Failed. WinHTTP Cannot Connect. last error code = 12029 
19:33:11:722 [WARN]	Request Failed. ErrorCode: 112029 errorMessage: Platform Status, Send Request Failed. WinHTTP Cannot Connect. last error code = 12029 
19:33:29:735 [WARN]	Request Failed. ErrorCode: 112029 errorMessage: Platform Status, Send Request Failed. WinHTTP Cannot Connect. last error code = 12029 
19:33:45:742 [WARN]	Request Failed. ErrorCode: 112029 errorMessage: Platform Status, Send Request Failed. WinHTTP Cannot Connect. last error code = 12029 
19:34:37:760 [WARN]	Request Failed. ErrorCode: 112029 errorMessage: Platform Status, Send Request Failed. WinHTTP Cannot Connect. last error code = 12029 
19:34:51:775 [WARN]	Request Failed. ErrorCode: 112029 errorMessage: Platform Status, Send Request Failed. WinHTTP Cannot Connect. last error code = 12029 
19:35:03:794 [WARN]	Request Failed. ErrorCode: 112029 errorMessage: Platform Status, Send Request Failed. WinHTTP Cannot Connect. last error code = 12029 
19:35:07:797 [WARN]	Request Failed. ErrorCode: 112029 errorMessage: Platform Status, Send Request Failed. WinHTTP Cannot Connect. last error code = 12029 
19:35:49:809 [WARN]	Request Failed. ErrorCode: 112029 errorMessage: Platform Status, Send Request Failed. WinHTTP Cannot Connect. last error code = 12029 
19:36:29:828 [WARN]	Request Failed. ErrorCode: 112029 errorMessage: Platform Status, Send Request Failed. WinHTTP Cannot Connect. last error code = 12029 
19:37:31:837 [WARN]	Request Failed. ErrorCode: 112029 errorMessage: Platform Status, Send Request Failed. WinHTTP Cannot Connect. last error code = 12029 
19:38:23:845 [WARN]	Request Failed. ErrorCode: 112029 errorMessage: Platform Status, Send Request Failed. WinHTTP Cannot Connect. last error code = 12029 
19:38:37:863 [WARN]	Request Failed. ErrorCode: 112029 errorMessage: Platform Status, Send Request Failed. WinHTTP Cannot Connect. last error code = 12029 
19:39:27:874 [WARN]	Request Failed. ErrorCode: 112029 errorMessage: Platform Status, Send Request Failed. WinHTTP Cannot Connect. last error code = 12029 
19:39:33:894 [WARN]	Request Failed. ErrorCode: 112029 errorMessage: Platform Status, Send Request Failed. WinHTTP Cannot Connect. last error code = 12029 
19:40:07:905 [WARN]	Request Failed. ErrorCode: 112029 errorMessage: Platform Status, Send Request Failed. WinHTTP Cannot Connect. last error code = 12029 
19:40:49:913 [WARN]	Request Failed. ErrorCode: 112029 errorMessage: Platform Status, Send Request Failed. WinHTTP Cannot Connect. last error code = 12029 
19:41:21:926 [WARN]	Request Failed. ErrorCode: 112029 errorMessage: Platform Status, Send Request Failed. WinHTTP Cannot Connect. last error code = 12029 
19:42:09:955 [WARN]	Request Failed. ErrorCode: 112029 errorMessage: Platform Status, Send Request Failed. WinHTTP Cannot Connect. last error code = 12029 
19:42:25:973 [WARN]	Request Failed. ErrorCode: 112029 errorMessage: Platform Status, Send Request Failed. WinHTTP Cannot Connect. last error code = 12029 
19:42:59:995 [WARN]	Request Failed. ErrorCode: 112029 errorMessage: Platform Status, Send Request Failed. WinHTTP Cannot Connect. last error code = 12029 
19:43:50:005 [WARN]	Request Failed. ErrorCode: 112029 errorMessage: Platform Status, Send Request Failed. WinHTTP Cannot Connect. last error code = 12029 
19:44:14:025 [WARN]	Request Failed. ErrorCode: 112029 errorMessage: Platform Status, Send Request Failed. WinHTTP Cannot Connect. last error code = 12029 
19:44:16:037 [WARN]	Request Failed. ErrorCode: 112029 errorMessage: Platform Status, Send Request Failed. WinHTTP Cannot Connect. last error code = 12029 
19:44:28:045 [WARN]	Request Failed. ErrorCode: 112029 errorMessage: Platform Status, Send Request Failed. WinHTTP Cannot Connect. last error code = 12029 
19:45:28:058 [WARN]	Request Failed. ErrorCode: 112029 errorMessage: Platform Status, Send Request Failed. WinHTTP Cannot Connect. last error code = 12029 
19:45:56:069 [WARN]	Request Failed. ErrorCode: 112029 errorMessage: Platform Status, Send Request Failed. WinHTTP Cannot Connect. last error code = 12029 
19:45:58:076 [WARN]	Request Failed. ErrorCode: 112029 errorMessage: Platform Status, Send Request Failed. WinHTTP Cannot Connect. last error code = 12029 
19:46:30:092 [WARN]	Request Failed. ErrorCode: 112029 errorMessage: Platform Status, Send Request Failed. WinHTTP Cannot Connect. last error code = 12029 
19:47:26:108 [WARN]	Request Failed. ErrorCode: 112029 errorMessage: Platform Status, Send Request Failed. WinHTTP Cannot Connect. last error code = 12029 
19:48:26:125 [WARN]	Request Failed. ErrorCode: 112029 errorMessage: Platform Status, Send Request Failed. WinHTTP Cannot Connect. last error code = 12029 
19:49:16:139 [WARN]	Request Failed. ErrorCode: 112029 errorMessage: Platform Status, Send Request Failed. WinHTTP Cannot Connect. last error code = 12029 
19:49:50:154 [WARN]	Request Failed. ErrorCode: 112029 errorMessage: Platform Status, Send Request Failed. WinHTTP Cannot Connect. last error code = 12029 
19:50:52:174 [WARN]	Request Failed. ErrorCode: 112029 errorMessage: Platform Status, Send Request Failed. WinHTTP Cannot Connect. last error code = 12029 
19:50:56:186 [WARN]	Request Failed. ErrorCode: 112029 errorMessage: Platform Status, Send Request Failed. WinHTTP Cannot Connect. last error code = 12029 
19:51:06:204 [WARN]	Request Failed. ErrorCode: 112029 errorMessage: Platform Status, Send Request Failed. WinHTTP Cannot Connect. last error code = 12029 
19:51:10:215 [WARN]	Request Failed. ErrorCode: 112029 errorMessage: Platform Status, Send Request Failed. WinHTTP Cannot Connect. last error code = 12029 
19:51:34:236 [WARN]	Request Failed. ErrorCode: 112029 errorMessage: Platform Status, Send Request Failed. WinHTTP Cannot Connect. last error code = 12029 
19:52:28:258 [WARN]	Request Failed. ErrorCode: 112029 errorMessage: Platform Status, Send Request Failed. WinHTTP Cannot Connect. last error code = 12029 
19:53:08:268 [WARN]	Request Failed. ErrorCode: 112029 errorMessage: Platform Status, Send Request Failed. WinHTTP Cannot Connect. last error code = 12029 
19:53:22:277 [WARN]	Request Failed. ErrorCode: 112029 errorMessage: Platform Status, Send Request Failed. WinHTTP Cannot Connect. last error code = 12029 
19:53:32:296 [WARN]	Request Failed. ErrorCode: 112029 errorMessage: Platform Status, Send Request Failed. WinHTTP Cannot Connect. last error code = 12029 
19:54:20:313 [WARN]	Request Failed. ErrorCode: 112029 errorMessage: Platform Status, Send Request Failed. WinHTTP Cannot Connect. last error code = 12029 
19:54:40:329 [WARN]	Request Failed. ErrorCode: 112029 errorMessage: Platform Status, Send Request Failed. WinHTTP Cannot Connect. last error code = 12029 
19:54:52:344 [WARN]	Request Failed. ErrorCode: 112029 errorMessage: Platform Status, Send Request Failed. WinHTTP Cannot Connect. last error code = 12029 
19:55:10:361 [WARN]	Request Failed. ErrorCode: 112029 errorMessage: Platform Status, Send Request Failed. WinHTTP Cannot Connect. last error code = 12029 
19:55:50:019 [WARN]	Request Failed. ErrorCode: 112029 errorMessage: Platform Status, Send Request Failed. WinHTTP Cannot Connect. last error code = 12029 
19:55:54:027 [WARN]	Request Failed. ErrorCode: 112029 errorMessage: Platform Status, Send Request Failed. WinHTTP Cannot Connect. last error code = 12029 
19:56:44:046 [WARN]	Request Failed. ErrorCode: 112029 errorMessage: Platform Status, Send Request Failed. WinHTTP Cannot Connect. last error code = 12029 
19:57:36:068 [WARN]	Request Failed. ErrorCode: 112029 errorMessage: Platform Status, Send Request Failed. WinHTTP Cannot Connect. last error code = 12029 
19:58:20:078 [WARN]	Request Failed. ErrorCode: 112029 errorMessage: Platform Status, Send Request Failed. WinHTTP Cannot Connect. last error code = 12029 
19:59:08:097 [WARN]	Request Failed. ErrorCode: 112029 errorMessage: Platform Status, Send Request Failed. WinHTTP Cannot Connect. last error code = 12029 
19:59:12:111 [WARN]	Request Failed. ErrorCode: 112029 errorMessage: Platform Status, Send Request Failed. WinHTTP Cannot Connect. last error code = 12029 
19:59:18:125 [WARN]	Request Failed. ErrorCode: 112029 errorMessage: Platform Status, Send Request Failed. WinHTTP Cannot Connect. last error code = 12029 
19:59:52:137 [WARN]	Request Failed. ErrorCode: 112029 errorMessage: Platform Status, Send Request Failed. WinHTTP Cannot Connect. last error code = 12029 
20:00:04:158 [WARN]	Request Failed. ErrorCode: 112029 errorMessage: Platform Status, Send Request Failed. WinHTTP Cannot Connect. last error code = 12029 
20:01:06:170 [WARN]	Request Failed. ErrorCode: 112029 errorMessage: Platform Status, Send Request Failed. WinHTTP Cannot Connect. last error code = 12029 
20:01:58:190 [WARN]	Request Failed. ErrorCode: 112029 errorMessage: Platform Status, Send Request Failed. WinHTTP Cannot Connect. last error code = 12029 
20:02:16:203 [WARN]	Request Failed. ErrorCode: 112029 errorMessage: Platform Status, Send Request Failed. WinHTTP Cannot Connect. last error code = 12029 
20:02:42:216 [WARN]	Request Failed. ErrorCode: 112029 errorMessage: Platform Status, Send Request Failed. WinHTTP Cannot Connect. last error code = 12029 
20:03:42:231 [WARN]	Request Failed. ErrorCode: 112029 errorMessage: Platform Status, Send Request Failed. WinHTTP Cannot Connect. last error code = 12029 
20:03:46:246 [WARN]	Request Failed. ErrorCode: 112029 errorMessage: Platform Status, Send Request Failed. WinHTTP Cannot Connect. last error code = 12029 
20:03:46:248 [WARN]	Request Failed. ErrorCode: 112029 errorMessage: Platform Status, Send Request Failed. WinHTTP Cannot Connect. last error code = 12029 
20:04:30:260 [WARN]	Request Failed. ErrorCode: 112029 errorMessage: Platform Status, Send Request Failed. WinHTTP Cannot Connect. last error code = 12029 
20:05:06:278 [WARN]	Request Failed. ErrorCode: 112029 errorMessage: Platform Status, Send Request Failed. WinHTTP Cannot Connect. last error code = 12029 
20:05:46:297 [WARN]	Request Failed. ErrorCode: 112029 errorMessage: Platform Status, Send Request Failed. WinHTTP Cannot Connect. last error code = 12029 
20:06:48:318 [WARN]	Request Failed. ErrorCode: 112029 errorMessage: Platform Status, Send Request Failed. WinHTTP Cannot Connect. last error code = 12029 
20:07:38:334 [WARN]	Request Failed. ErrorCode: 112029 errorMessage: Platform Status, Send Request Failed. WinHTTP Cannot Connect. last error code = 12029 
20:07:50:350 [WARN]	Request Failed. ErrorCode: 112029 errorMessage: Platform Status, Send Request Failed. WinHTTP Cannot Connect. last error code = 12029 
20:08:52:358 [WARN]	Request Failed. ErrorCode: 112029 errorMessage: Platform Status, Send Request Failed. WinHTTP Cannot Connect. last error code = 12029 
20:09:10:368 [WARN]	Request Failed. ErrorCode: 112029 errorMessage: Platform Status, Send Request Failed. WinHTTP Cannot Connect. last error code = 12029 
20:10:10:384 [WARN]	Request Failed. ErrorCode: 112029 errorMessage: Platform Status, Send Request Failed. WinHTTP Cannot Connect. last error code = 12029 
20:10:44:393 [WARN]	Request Failed. ErrorCode: 112029 errorMessage: Platform Status, Send Request Failed. WinHTTP Cannot Connect. last error code = 12029 
20:11:10:406 [WARN]	Request Failed. ErrorCode: 112029 errorMessage: Platform Status, Send Request Failed. WinHTTP Cannot Connect. last error code = 12029 
20:11:38:428 [WARN]	Request Failed. ErrorCode: 112029 errorMessage: Platform Status, Send Request Failed. WinHTTP Cannot Connect. last error code = 12029 
20:11:44:446 [WARN]	Request Failed. ErrorCode: 112029 errorMessage: Platform Status, Send Request Failed. WinHTTP Cannot Connect. last error code = 12029 
20:12:08:469 [WARN]	Request Failed. ErrorCode: 112029 errorMessage: Platform Status, Send Request Failed. WinHTTP Cannot Connect. last error code = 12029 
20:12:24:490 [WARN]	Request Failed. ErrorCode: 112029 errorMessage: Platform Status, Send Request Failed. WinHTTP Cannot Connect. last error code = 12029 
20:12:26:495 [WARN]	Request Failed. ErrorCode: 112029 errorMessage: Platform Status, Send Request Failed. WinHTTP Cannot Connect. last error code = 12029 
20:13:26:516 [WARN]	Request Failed. ErrorCode: 112029 errorMessage: Platform Status, Send Request Failed. WinHTTP Cannot Connect. last error code = 12029 
20:13:26:519 [WARN]	Request Failed. ErrorCode: 112029 errorMessage: Platform Status, Send Request Failed. WinHTTP Cannot Connect. last error code = 12029 
20:14:24:538 [WARN]	Request Failed. ErrorCode: 112029 errorMessage: Platform Status, Send Request Failed. WinHTTP Cannot Connect. last error code = 12029 
20:14:46:557 [WARN]	Request Failed. ErrorCode: 112029 errorMessage: Platform Status, Send Request Failed. WinHTTP Cannot Connect. last error code = 12029 
20:14:50:565 [WARN]	Request Failed. ErrorCode: 112029 errorMessage: Platform Status, Send Request Failed. WinHTTP Cannot Connect. last error code = 12029 
20:14:56:577 [WARN]	Request Failed. ErrorCode: 112029 errorMessage: Platform Status, Send Request Failed. WinHTTP Cannot Connect. last error code = 12029 
20:15:58:592 [WARN]	Request Failed. ErrorCode: 112029 errorMessage: Platform Status, Send Request Failed. WinHTTP Cannot Connect. last error code = 12029 
20:16:00:604 [WARN]	Request Failed. ErrorCode: 112029 errorMessage: Platform Status, Send Request Failed. WinHTTP Cannot Connect. last error code = 12029 
20:16:14:613 [WARN]	Request Failed. ErrorCode: 112029 errorMessage: Platform Status, Send Request Failed. WinHTTP Cannot Connect. last error code = 12029 
20:16:22:633 [WARN]	Request Failed. ErrorCode: 112029 errorMessage: Platform Status, Send Request Failed. WinHTTP Cannot Connect. last error code = 12029 
20:16:52:655 [WARN]	Request Failed. ErrorCode: 112029 errorMessage: Platform Status, Send Request Failed. WinHTTP Cannot Connect. last error code = 12029 
20:17:32:674 [WARN]	Request Failed. ErrorCode: 112029 errorMessage: Platform Status, Send Request Failed. WinHTTP Cannot Connect. last error code = 12029 
20:17:42:693 [WARN]	Request Failed. ErrorCode: 112029 errorMessage: Platform Status, Send Request Failed. WinHTTP Cannot Connect. last error code = 12029 
20:17:52:714 [WARN]	Request Failed. ErrorCode: 112029 errorMessage: Platform Status, Send Request Failed. WinHTTP Cannot Connect. last error code = 12029 
20:18:46:730 [WARN]	Request Failed. ErrorCode: 112029 errorMessage: Platform Status, Send Request Failed. WinHTTP Cannot Connect. last error code = 12029 
20:19:02:753 [WARN]	Request Failed. ErrorCode: 112029 errorMessage: Platform Status, Send Request Failed. WinHTTP Cannot Connect. last error code = 12029 
20:19:04:768 [WARN]	Request Failed. ErrorCode: 112029 errorMessage: Platform Status, Send Request Failed. WinHTTP Cannot Connect. last error code = 12029 
20:19:22:780 [WARN]	Request Failed. ErrorCode: 112029 errorMessage: Platform Status, Send Request Failed. WinHTTP Cannot Connect. last error code = 12029 
20:19:32:802 [WARN]	Request Failed. ErrorCode: 112029 errorMessage: Platform Status, Send Request Failed. WinHTTP Cannot Connect. last error code = 12029 
20:19:46:817 [WARN]	Request Failed. ErrorCode: 112029 errorMessage: Platform Status, Send Request Failed. WinHTTP Cannot Connect. last error code = 12029 
20:20:10:838 [WARN]	Request Failed. ErrorCode: 112029 errorMessage: Platform Status, Send Request Failed. WinHTTP Cannot Connect. last error code = 12029 
20:20:38:856 [WARN]	Request Failed. ErrorCode: 112029 errorMessage: Platform Status, Send Request Failed. WinHTTP Cannot Connect. last error code = 12029 
20:20:50:872 [WARN]	Request Failed. ErrorCode: 112029 errorMessage: Platform Status, Send Request Failed. WinHTTP Cannot Connect. last error code = 12029 
20:21:34:890 [WARN]	Request Failed. ErrorCode: 112029 errorMessage: Platform Status, Send Request Failed. WinHTTP Cannot Connect. last error code = 12029 
20:21:50:909 [WARN]	Request Failed. ErrorCode: 112029 errorMessage: Platform Status, Send Request Failed. WinHTTP Cannot Connect. last error code = 12029 
20:22:46:929 [WARN]	Request Failed. ErrorCode: 112029 errorMessage: Platform Status, Send Request Failed. WinHTTP Cannot Connect. last error code = 12029 
20:23:24:943 [WARN]	Request Failed. ErrorCode: 112029 errorMessage: Platform Status, Send Request Failed. WinHTTP Cannot Connect. last error code = 12029 
20:23:40:963 [WARN]	Request Failed. ErrorCode: 112029 errorMessage: Platform Status, Send Request Failed. WinHTTP Cannot Connect. last error code = 12029 
20:24:06:979 [WARN]	Request Failed. ErrorCode: 112029 errorMessage: Platform Status, Send Request Failed. WinHTTP Cannot Connect. last error code = 12029 
20:25:06:997 [WARN]	Request Failed. ErrorCode: 112029 errorMessage: Platform Status, Send Request Failed. WinHTTP Cannot Connect. last error code = 12029 
20:26:07:012 [WARN]	Request Failed. ErrorCode: 112029 errorMessage: Platform Status, Send Request Failed. WinHTTP Cannot Connect. last error code = 12029 
20:27:05:051 [WARN]	Request Failed. ErrorCode: 112029 errorMessage: Platform Status, Send Request Failed. WinHTTP Cannot Connect. last error code = 12029 
20:27:27:069 [WARN]	Request Failed. ErrorCode: 112029 errorMessage: Platform Status, Send Request Failed. WinHTTP Cannot Connect. last error code = 12029 
20:28:01:084 [WARN]	Request Failed. ErrorCode: 112029 errorMessage: Platform Status, Send Request Failed. WinHTTP Cannot Connect. last error code = 12029 
20:29:03:102 [WARN]	Request Failed. ErrorCode: 112029 errorMessage: Platform Status, Send Request Failed. WinHTTP Cannot Connect. last error code = 12029 
20:29:03:105 [WARN]	Request Failed. ErrorCode: 112029 errorMessage: Platform Status, Send Request Failed. WinHTTP Cannot Connect. last error code = 12029 
20:29:35:115 [WARN]	Request Failed. ErrorCode: 112029 errorMessage: Platform Status, Send Request Failed. WinHTTP Cannot Connect. last error code = 12029 
20:30:29:134 [WARN]	Request Failed. ErrorCode: 112029 errorMessage: Platform Status, Send Request Failed. WinHTTP Cannot Connect. last error code = 12029 
20:31:11:152 [WARN]	Request Failed. ErrorCode: 112029 errorMessage: Platform Status, Send Request Failed. WinHTTP Cannot Connect. last error code = 12029 
20:31:23:160 [WARN]	Request Failed. ErrorCode: 112029 errorMessage: Platform Status, Send Request Failed. WinHTTP Cannot Connect. last error code = 12029 
20:31:47:179 [WARN]	Request Failed. ErrorCode: 112029 errorMessage: Platform Status, Send Request Failed. WinHTTP Cannot Connect. last error code = 12029 
20:32:47:192 [WARN]	Request Failed. ErrorCode: 112029 errorMessage: Platform Status, Send Request Failed. WinHTTP Cannot Connect. last error code = 12029 
20:33:01:207 [WARN]	Request Failed. ErrorCode: 112029 errorMessage: Platform Status, Send Request Failed. WinHTTP Cannot Connect. last error code = 12029 
20:33:49:223 [WARN]	Request Failed. ErrorCode: 112029 errorMessage: Platform Status, Send Request Failed. WinHTTP Cannot Connect. last error code = 12029 
20:34:27:246 [WARN]	Request Failed. ErrorCode: 112029 errorMessage: Platform Status, Send Request Failed. WinHTTP Cannot Connect. last error code = 12029 
20:34:53:258 [WARN]	Request Failed. ErrorCode: 112029 errorMessage: Platform Status, Send Request Failed. WinHTTP Cannot Connect. last error code = 12029 
20:35:25:275 [WARN]	Request Failed. ErrorCode: 112029 errorMessage: Platform Status, Send Request Failed. WinHTTP Cannot Connect. last error code = 12029 
20:36:25:283 [WARN]	Request Failed. ErrorCode: 112029 errorMessage: Platform Status, Send Request Failed. WinHTTP Cannot Connect. last error code = 12029 
20:36:29:294 [WARN]	Request Failed. ErrorCode: 112029 errorMessage: Platform Status, Send Request Failed. WinHTTP Cannot Connect. last error code = 12029 
20:37:29:310 [WARN]	Request Failed. ErrorCode: 112029 errorMessage: Platform Status, Send Request Failed. WinHTTP Cannot Connect. last error code = 12029 
20:38:23:328 [WARN]	Request Failed. ErrorCode: 112029 errorMessage: Platform Status, Send Request Failed. WinHTTP Cannot Connect. last error code = 12029 
20:38:27:339 [WARN]	Request Failed. ErrorCode: 112029 errorMessage: Platform Status, Send Request Failed. WinHTTP Cannot Connect. last error code = 12029 
20:38:39:357 [WARN]	Request Failed. ErrorCode: 112029 errorMessage: Platform Status, Send Request Failed. WinHTTP Cannot Connect. last error code = 12029 
20:38:41:375 [WARN]	Request Failed. ErrorCode: 112029 errorMessage: Platform Status, Send Request Failed. WinHTTP Cannot Connect. last error code = 12029 
20:39:03:394 [WARN]	Request Failed. ErrorCode: 112029 errorMessage: Platform Status, Send Request Failed. WinHTTP Cannot Connect. last error code = 12029 
20:39:27:416 [WARN]	Request Failed. ErrorCode: 112029 errorMessage: Platform Status, Send Request Failed. WinHTTP Cannot Connect. last error code = 12029 
20:40:19:425 [WARN]	Request Failed. ErrorCode: 112029 errorMessage: Platform Status, Send Request Failed. WinHTTP Cannot Connect. last error code = 12029 
20:40:51:435 [WARN]	Request Failed. ErrorCode: 112029 errorMessage: Platform Status, Send Request Failed. WinHTTP Cannot Connect. last error code = 12029 
20:41:53:458 [WARN]	Request Failed. ErrorCode: 112029 errorMessage: Platform Status, Send Request Failed. WinHTTP Cannot Connect. last error code = 12029 
20:42:25:480 [WARN]	Request Failed. ErrorCode: 112029 errorMessage: Platform Status, Send Request Failed. WinHTTP Cannot Connect. last error code = 12029 
20:42:57:498 [WARN]	Request Failed. ErrorCode: 112029 errorMessage: Platform Status, Send Request Failed. WinHTTP Cannot Connect. last error code = 12029 
20:43:11:503 [WARN]	Request Failed. ErrorCode: 112029 errorMessage: Platform Status, Send Request Failed. WinHTTP Cannot Connect. last error code = 12029 
20:43:51:515 [WARN]	Request Failed. ErrorCode: 112029 errorMessage: Platform Status, Send Request Failed. WinHTTP Cannot Connect. last error code = 12029 
20:44:03:526 [WARN]	Request Failed. ErrorCode: 112029 errorMessage: Platform Status, Send Request Failed. WinHTTP Cannot Connect. last error code = 12029 
20:44:39:540 [WARN]	Request Failed. ErrorCode: 112029 errorMessage: Platform Status, Send Request Failed. WinHTTP Cannot Connect. last error code = 12029 
20:45:21:558 [WARN]	Request Failed. ErrorCode: 112029 errorMessage: Platform Status, Send Request Failed. WinHTTP Cannot Connect. last error code = 12029 
20:45:41:568 [WARN]	Request Failed. ErrorCode: 112029 errorMessage: Platform Status, Send Request Failed. WinHTTP Cannot Connect. last error code = 12029 
20:46:35:577 [WARN]	Request Failed. ErrorCode: 112029 errorMessage: Platform Status, Send Request Failed. WinHTTP Cannot Connect. last error code = 12029 
20:46:51:596 [WARN]	Request Failed. ErrorCode: 112029 errorMessage: Platform Status, Send Request Failed. WinHTTP Cannot Connect. last error code = 12029 
20:47:29:614 [WARN]	Request Failed. ErrorCode: 112029 errorMessage: Platform Status, Send Request Failed. WinHTTP Cannot Connect. last error code = 12029 
20:47:51:634 [WARN]	Request Failed. ErrorCode: 112029 errorMessage: Platform Status, Send Request Failed. WinHTTP Cannot Connect. last error code = 12029 
20:48:03:657 [WARN]	Request Failed. ErrorCode: 112029 errorMessage: Platform Status, Send Request Failed. WinHTTP Cannot Connect. last error code = 12029 
20:48:59:673 [WARN]	Request Failed. ErrorCode: 112029 errorMessage: Platform Status, Send Request Failed. WinHTTP Cannot Connect. last error code = 12029 
20:49:41:684 [WARN]	Request Failed. ErrorCode: 112029 errorMessage: Platform Status, Send Request Failed. WinHTTP Cannot Connect. last error code = 12029 
20:50:01:690 [WARN]	Request Failed. ErrorCode: 112029 errorMessage: Platform Status, Send Request Failed. WinHTTP Cannot Connect. last error code = 12029 
20:51:01:713 [WARN]	Request Failed. ErrorCode: 112029 errorMessage: Platform Status, Send Request Failed. WinHTTP Cannot Connect. last error code = 12029 
20:51:59:723 [WARN]	Request Failed. ErrorCode: 112029 errorMessage: Platform Status, Send Request Failed. WinHTTP Cannot Connect. last error code = 12029 
20:53:01:742 [WARN]	Request Failed. ErrorCode: 112029 errorMessage: Platform Status, Send Request Failed. WinHTTP Cannot Connect. last error code = 12029 
20:53:19:748 [WARN]	Request Failed. ErrorCode: 112029 errorMessage: Platform Status, Send Request Failed. WinHTTP Cannot Connect. last error code = 12029 
20:53:39:765 [WARN]	Request Failed. ErrorCode: 112029 errorMessage: Platform Status, Send Request Failed. WinHTTP Cannot Connect. last error code = 12029 
20:53:41:782 [WARN]	Request Failed. ErrorCode: 112029 errorMessage: Platform Status, Send Request Failed. WinHTTP Cannot Connect. last error code = 12029 
20:54:35:795 [WARN]	Request Failed. ErrorCode: 112029 errorMessage: Platform Status, Send Request Failed. WinHTTP Cannot Connect. last error code = 12029 
20:55:33:809 [WARN]	Request Failed. ErrorCode: 112029 errorMessage: Platform Status, Send Request Failed. WinHTTP Cannot Connect. last error code = 12029 
20:56:21:818 [WARN]	Request Failed. ErrorCode: 112029 errorMessage: Platform Status, Send Request Failed. WinHTTP Cannot Connect. last error code = 12029 
20:56:51:827 [WARN]	Request Failed. ErrorCode: 112029 errorMessage: Platform Status, Send Request Failed. WinHTTP Cannot Connect. last error code = 12029 
20:57:07:838 [WARN]	Request Failed. ErrorCode: 112029 errorMessage: Platform Status, Send Request Failed. WinHTTP Cannot Connect. last error code = 12029 
20:57:51:850 [WARN]	Request Failed. ErrorCode: 112029 errorMessage: Platform Status, Send Request Failed. WinHTTP Cannot Connect. last error code = 12029 
20:58:27:870 [WARN]	Request Failed. ErrorCode: 112029 errorMessage: Platform Status, Send Request Failed. WinHTTP Cannot Connect. last error code = 12029 
20:59:21:889 [WARN]	Request Failed. ErrorCode: 112029 errorMessage: Platform Status, Send Request Failed. WinHTTP Cannot Connect. last error code = 12029 
21:00:01:905 [WARN]	Request Failed. ErrorCode: 112029 errorMessage: Platform Status, Send Request Failed. WinHTTP Cannot Connect. last error code = 12029 
21:00:51:913 [WARN]	Request Failed. ErrorCode: 112029 errorMessage: Platform Status, Send Request Failed. WinHTTP Cannot Connect. last error code = 12029 
21:01:17:924 [WARN]	Request Failed. ErrorCode: 112029 errorMessage: Platform Status, Send Request Failed. WinHTTP Cannot Connect. last error code = 12029 
21:01:55:943 [WARN]	Request Failed. ErrorCode: 112029 errorMessage: Platform Status, Send Request Failed. WinHTTP Cannot Connect. last error code = 12029 
21:02:21:954 [WARN]	Request Failed. ErrorCode: 112029 errorMessage: Platform Status, Send Request Failed. WinHTTP Cannot Connect. last error code = 12029 
21:02:53:976 [WARN]	Request Failed. ErrorCode: 112029 errorMessage: Platform Status, Send Request Failed. WinHTTP Cannot Connect. last error code = 12029 
21:03:01:987 [WARN]	Request Failed. ErrorCode: 112029 errorMessage: Platform Status, Send Request Failed. WinHTTP Cannot Connect. last error code = 12029 
21:03:54:010 [WARN]	Request Failed. ErrorCode: 112029 errorMessage: Platform Status, Send Request Failed. WinHTTP Cannot Connect. last error code = 12029 
21:04:34:032 [WARN]	Request Failed. ErrorCode: 112029 errorMessage: Platform Status, Send Request Failed. WinHTTP Cannot Connect. last error code = 12029 
21:04:46:049 [WARN]	Request Failed. ErrorCode: 112029 errorMessage: Platform Status, Send Request Failed. WinHTTP Cannot Connect. last error code = 12029 
21:04:58:057 [WARN]	Request Failed. ErrorCode: 112029 errorMessage: Platform Status, Send Request Failed. WinHTTP Cannot Connect. last error code = 12029 
21:05:36:064 [WARN]	Request Failed. ErrorCode: 112029 errorMessage: Platform Status, Send Request Failed. WinHTTP Cannot Connect. last error code = 12029 
21:06:14:073 [WARN]	Request Failed. ErrorCode: 112029 errorMessage: Platform Status, Send Request Failed. WinHTTP Cannot Connect. last error code = 12029 
21:06:36:095 [WARN]	Request Failed. ErrorCode: 112029 errorMessage: Platform Status, Send Request Failed. WinHTTP Cannot Connect. last error code = 12029 
21:06:58:110 [WARN]	Request Failed. ErrorCode: 112029 errorMessage: Platform Status, Send Request Failed. WinHTTP Cannot Connect. last error code = 12029 
21:07:00:123 [WARN]	Request Failed. ErrorCode: 112029 errorMessage: Platform Status, Send Request Failed. WinHTTP Cannot Connect. last error code = 12029 
21:07:32:138 [WARN]	Request Failed. ErrorCode: 112029 errorMessage: Platform Status, Send Request Failed. WinHTTP Cannot Connect. last error code = 12029 
21:08:32:160 [WARN]	Request Failed. ErrorCode: 112029 errorMessage: Platform Status, Send Request Failed. WinHTTP Cannot Connect. last error code = 12029 
21:08:56:179 [WARN]	Request Failed. ErrorCode: 112029 errorMessage: Platform Status, Send Request Failed. WinHTTP Cannot Connect. last error code = 12029 
21:09:20:198 [WARN]	Request Failed. ErrorCode: 112029 errorMessage: Platform Status, Send Request Failed. WinHTTP Cannot Connect. last error code = 12029 
21:09:26:212 [WARN]	Request Failed. ErrorCode: 112029 errorMessage: Platform Status, Send Request Failed. WinHTTP Cannot Connect. last error code = 12029 
21:09:50:226 [WARN]	Request Failed. ErrorCode: 112029 errorMessage: Platform Status, Send Request Failed. WinHTTP Cannot Connect. last error code = 12029 
21:10:28:240 [WARN]	Request Failed. ErrorCode: 112029 errorMessage: Platform Status, Send Request Failed. WinHTTP Cannot Connect. last error code = 12029 
21:10:40:251 [WARN]	Request Failed. ErrorCode: 112029 errorMessage: Platform Status, Send Request Failed. WinHTTP Cannot Connect. last error code = 12029 
21:10:50:263 [WARN]	Request Failed. ErrorCode: 112029 errorMessage: Platform Status, Send Request Failed. WinHTTP Cannot Connect. last error code = 12029 
21:11:30:276 [WARN]	Request Failed. ErrorCode: 112029 errorMessage: Platform Status, Send Request Failed. WinHTTP Cannot Connect. last error code = 12029 
21:12:04:298 [WARN]	Request Failed. ErrorCode: 112029 errorMessage: Platform Status, Send Request Failed. WinHTTP Cannot Connect. last error code = 12029 
21:12:32:309 [WARN]	Request Failed. ErrorCode: 112029 errorMessage: Platform Status, Send Request Failed. WinHTTP Cannot Connect. last error code = 12029 
21:12:52:329 [WARN]	Request Failed. ErrorCode: 112029 errorMessage: Platform Status, Send Request Failed. WinHTTP Cannot Connect. last error code = 12029 
21:13:18:341 [WARN]	Request Failed. ErrorCode: 112029 errorMessage: Platform Status, Send Request Failed. WinHTTP Cannot Connect. last error code = 12029 
21:13:48:359 [WARN]	Request Failed. ErrorCode: 112029 errorMessage: Platform Status, Send Request Failed. WinHTTP Cannot Connect. last error code = 12029 
21:14:30:367 [WARN]	Request Failed. ErrorCode: 112029 errorMessage: Platform Status, Send Request Failed. WinHTTP Cannot Connect. last error code = 12029 
21:15:02:381 [WARN]	Request Failed. ErrorCode: 112029 errorMessage: Platform Status, Send Request Failed. WinHTTP Cannot Connect. last error code = 12029 
21:15:22:399 [WARN]	Request Failed. ErrorCode: 112029 errorMessage: Platform Status, Send Request Failed. WinHTTP Cannot Connect. last error code = 12029 
21:15:36:408 [WARN]	Request Failed. ErrorCode: 112029 errorMessage: Platform Status, Send Request Failed. WinHTTP Cannot Connect. last error code = 12029 
21:16:38:416 [WARN]	Request Failed. ErrorCode: 112029 errorMessage: Platform Status, Send Request Failed. WinHTTP Cannot Connect. last error code = 12029 
21:17:26:436 [WARN]	Request Failed. ErrorCode: 112029 errorMessage: Platform Status, Send Request Failed. WinHTTP Cannot Connect. last error code = 12029 
21:18:24:457 [WARN]	Request Failed. ErrorCode: 112029 errorMessage: Platform Status, Send Request Failed. WinHTTP Cannot Connect. last error code = 12029 
21:19:04:473 [WARN]	Request Failed. ErrorCode: 112029 errorMessage: Platform Status, Send Request Failed. WinHTTP Cannot Connect. last error code = 12029 
21:19:30:492 [WARN]	Request Failed. ErrorCode: 112029 errorMessage: Platform Status, Send Request Failed. WinHTTP Cannot Connect. last error code = 12029 
21:20:10:512 [WARN]	Request Failed. ErrorCode: 112029 errorMessage: Platform Status, Send Request Failed. WinHTTP Cannot Connect. last error code = 12029 
21:21:00:533 [WARN]	Request Failed. ErrorCode: 112029 errorMessage: Platform Status, Send Request Failed. WinHTTP Cannot Connect. last error code = 12029 
21:21:14:543 [WARN]	Request Failed. ErrorCode: 112029 errorMessage: Platform Status, Send Request Failed. WinHTTP Cannot Connect. last error code = 12029 
21:22:04:565 [WARN]	Request Failed. ErrorCode: 112029 errorMessage: Platform Status, Send Request Failed. WinHTTP Cannot Connect. last error code = 12029 
21:22:08:577 [WARN]	Request Failed. ErrorCode: 112029 errorMessage: Platform Status, Send Request Failed. WinHTTP Cannot Connect. last error code = 12029 
21:23:04:594 [WARN]	Request Failed. ErrorCode: 112029 errorMessage: Platform Status, Send Request Failed. WinHTTP Cannot Connect. last error code = 12029 
21:24:00:602 [WARN]	Request Failed. ErrorCode: 112029 errorMessage: Platform Status, Send Request Failed. WinHTTP Cannot Connect. last error code = 12029 
21:24:02:613 [WARN]	Request Failed. ErrorCode: 112029 errorMessage: Platform Status, Send Request Failed. WinHTTP Cannot Connect. last error code = 12029 
21:24:50:626 [WARN]	Request Failed. ErrorCode: 112029 errorMessage: Platform Status, Send Request Failed. WinHTTP Cannot Connect. last error code = 12029 
21:25:16:636 [WARN]	Request Failed. ErrorCode: 112029 errorMessage: Platform Status, Send Request Failed. WinHTTP Cannot Connect. last error code = 12029 
21:25:40:645 [WARN]	Request Failed. ErrorCode: 112029 errorMessage: Platform Status, Send Request Failed. WinHTTP Cannot Connect. last error code = 12029 
21:25:54:657 [WARN]	Request Failed. ErrorCode: 112029 errorMessage: Platform Status, Send Request Failed. WinHTTP Cannot Connect. last error code = 12029 
21:25:54:661 [WARN]	Request Failed. ErrorCode: 112029 errorMessage: Platform Status, Send Request Failed. WinHTTP Cannot Connect. last error code = 12029 
21:26:00:683 [WARN]	Request Failed. ErrorCode: 112029 errorMessage: Platform Status, Send Request Failed. WinHTTP Cannot Connect. last error code = 12029 
21:26:08:696 [WARN]	Request Failed. ErrorCode: 112029 errorMessage: Platform Status, Send Request Failed. WinHTTP Cannot Connect. last error code = 12029 
21:26:56:709 [WARN]	Request Failed. ErrorCode: 112029 errorMessage: Platform Status, Send Request Failed. WinHTTP Cannot Connect. last error code = 12029 
21:27:08:720 [WARN]	Request Failed. ErrorCode: 112029 errorMessage: Platform Status, Send Request Failed. WinHTTP Cannot Connect. last error code = 12029 
21:27:22:731 [WARN]	Request Failed. ErrorCode: 112029 errorMessage: Platform Status, Send Request Failed. WinHTTP Cannot Connect. last error code = 12029 
21:28:04:748 [WARN]	Request Failed. ErrorCode: 112029 errorMessage: Platform Status, Send Request Failed. WinHTTP Cannot Connect. last error code = 12029 
21:28:28:766 [WARN]	Request Failed. ErrorCode: 112029 errorMessage: Platform Status, Send Request Failed. WinHTTP Cannot Connect. last error code = 12029 
21:29:00:781 [WARN]	Request Failed. ErrorCode: 112029 errorMessage: Platform Status, Send Request Failed. WinHTTP Cannot Connect. last error code = 12029 
21:29:52:796 [WARN]	Request Failed. ErrorCode: 112029 errorMessage: Platform Status, Send Request Failed. WinHTTP Cannot Connect. last error code = 12029 
21:30:18:812 [WARN]	Request Failed. ErrorCode: 112029 errorMessage: Platform Status, Send Request Failed. WinHTTP Cannot Connect. last error code = 12029 
21:30:46:825 [WARN]	Request Failed. ErrorCode: 112029 errorMessage: Platform Status, Send Request Failed. WinHTTP Cannot Connect. last error code = 12029 
21:31:12:840 [WARN]	Request Failed. ErrorCode: 112029 errorMessage: Platform Status, Send Request Failed. WinHTTP Cannot Connect. last error code = 12029 
21:32:02:859 [WARN]	Request Failed. ErrorCode: 112029 errorMessage: Platform Status, Send Request Failed. WinHTTP Cannot Connect. last error code = 12029 
21:32:16:879 [WARN]	Request Failed. ErrorCode: 112029 errorMessage: Platform Status, Send Request Failed. WinHTTP Cannot Connect. last error code = 12029 
21:33:14:888 [WARN]	Request Failed. ErrorCode: 112029 errorMessage: Platform Status, Send Request Failed. WinHTTP Cannot Connect. last error code = 12029 
21:33:48:899 [WARN]	Request Failed. ErrorCode: 112029 errorMessage: Platform Status, Send Request Failed. WinHTTP Cannot Connect. last error code = 12029 
21:33:48:902 [WARN]	Request Failed. ErrorCode: 112029 errorMessage: Platform Status, Send Request Failed. WinHTTP Cannot Connect. last error code = 12029 
21:34:48:919 [WARN]	Request Failed. ErrorCode: 112029 errorMessage: Platform Status, Send Request Failed. WinHTTP Cannot Connect. last error code = 12029 
21:35:22:930 [WARN]	Request Failed. ErrorCode: 112029 errorMessage: Platform Status, Send Request Failed. WinHTTP Cannot Connect. last error code = 12029 
21:35:22:933 [WARN]	Request Failed. ErrorCode: 112029 errorMessage: Platform Status, Send Request Failed. WinHTTP Cannot Connect. last error code = 12029 
21:35:48:944 [WARN]	Request Failed. ErrorCode: 112029 errorMessage: Platform Status, Send Request Failed. WinHTTP Cannot Connect. last error code = 12029 
21:36:04:956 [WARN]	Request Failed. ErrorCode: 112029 errorMessage: Platform Status, Send Request Failed. WinHTTP Cannot Connect. last error code = 12029 
21:36:06:962 [WARN]	Request Failed. ErrorCode: 112029 errorMessage: Platform Status, Send Request Failed. WinHTTP Cannot Connect. last error code = 12029 
21:36:24:980 [WARN]	Request Failed. ErrorCode: 112029 errorMessage: Platform Status, Send Request Failed. WinHTTP Cannot Connect. last error code = 12029 
21:36:38:994 [WARN]	Request Failed. ErrorCode: 112029 errorMessage: Platform Status, Send Request Failed. WinHTTP Cannot Connect. last error code = 12029 
21:36:41:004 [WARN]	Request Failed. ErrorCode: 112029 errorMessage: Platform Status, Send Request Failed. WinHTTP Cannot Connect. last error code = 12029 
21:36:51:023 [WARN]	Request Failed. ErrorCode: 112029 errorMessage: Platform Status, Send Request Failed. WinHTTP Cannot Connect. last error code = 12029 
21:37:33:039 [WARN]	Request Failed. ErrorCode: 112029 errorMessage: Platform Status, Send Request Failed. WinHTTP Cannot Connect. last error code = 12029 
21:38:35:051 [WARN]	Request Failed. ErrorCode: 112029 errorMessage: Platform Status, Send Request Failed. WinHTTP Cannot Connect. last error code = 12029 
21:38:43:069 [WARN]	Request Failed. ErrorCode: 112029 errorMessage: Platform Status, Send Request Failed. WinHTTP Cannot Connect. last error code = 12029 
21:39:31:091 [WARN]	Request Failed. ErrorCode: 112029 errorMessage: Platform Status, Send Request Failed. WinHTTP Cannot Connect. last error code = 12029 
21:40:33:108 [WARN]	Request Failed. ErrorCode: 112029 errorMessage: Platform Status, Send Request Failed. WinHTTP Cannot Connect. last error code = 12029 
21:41:15:121 [WARN]	Request Failed. ErrorCode: 112029 errorMessage: Platform Status, Send Request Failed. WinHTTP Cannot Connect. last error code = 12029 
21:41:19:129 [WARN]	Request Failed. ErrorCode: 112029 errorMessage: Platform Status, Send Request Failed. WinHTTP Cannot Connect. last error code = 12029 
21:41:19:131 [WARN]	Request Failed. ErrorCode: 112029 errorMessage: Platform Status, Send Request Failed. WinHTTP Cannot Connect. last error code = 12029 
21:41:31:140 [WARN]	Request Failed. ErrorCode: 112029 errorMessage: Platform Status, Send Request Failed. WinHTTP Cannot Connect. last error code = 12029 
21:42:31:152 [WARN]	Request Failed. ErrorCode: 112029 errorMessage: Platform Status, Send Request Failed. WinHTTP Cannot Connect. last error code = 12029 
21:42:55:169 [WARN]	Request Failed. ErrorCode: 112029 errorMessage: Platform Status, Send Request Failed. WinHTTP Cannot Connect. last error code = 12029 
21:43:29:191 [WARN]	Request Failed. ErrorCode: 112029 errorMessage: Platform Status, Send Request Failed. WinHTTP Cannot Connect. last error code = 12029 
21:43:31:198 [WARN]	Request Failed. ErrorCode: 112029 errorMessage: Platform Status, Send Request Failed. WinHTTP Cannot Connect. last error code = 12029 
21:43:39:211 [WARN]	Request Failed. ErrorCode: 112029 errorMessage: Platform Status, Send Request Failed. WinHTTP Cannot Connect. last error code = 12029 
21:44:17:225 [WARN]	Request Failed. ErrorCode: 112029 errorMessage: Platform Status, Send Request Failed. WinHTTP Cannot Connect. last error code = 12029 
21:44:47:240 [WARN]	Request Failed. ErrorCode: 112029 errorMessage: Platform Status, Send Request Failed. WinHTTP Cannot Connect. last error code = 12029 
21:45:47:456 [WARN]	Request Failed. ErrorCode: 112029 errorMessage: Platform Status, Send Request Failed. WinHTTP Cannot Connect. last error code = 12029 
21:46:17:468 [WARN]	Request Failed. ErrorCode: 112029 errorMessage: Platform Status, Send Request Failed. WinHTTP Cannot Connect. last error code = 12029 
21:46:55:486 [WARN]	Request Failed. ErrorCode: 112029 errorMessage: Platform Status, Send Request Failed. WinHTTP Cannot Connect. last error code = 12029 
21:47:33:502 [WARN]	Request Failed. ErrorCode: 112029 errorMessage: Platform Status, Send Request Failed. WinHTTP Cannot Connect. last error code = 12029 
21:47:33:505 [WARN]	Request Failed. ErrorCode: 112029 errorMessage: Platform Status, Send Request Failed. WinHTTP Cannot Connect. last error code = 12029 
21:47:39:522 [WARN]	Request Failed. ErrorCode: 112029 errorMessage: Platform Status, Send Request Failed. WinHTTP Cannot Connect. last error code = 12029 
21:47:59:541 [WARN]	Request Failed. ErrorCode: 112029 errorMessage: Platform Status, Send Request Failed. WinHTTP Cannot Connect. last error code = 12029 
21:48:29:551 [WARN]	Request Failed. ErrorCode: 112029 errorMessage: Platform Status, Send Request Failed. WinHTTP Cannot Connect. last error code = 12029 
21:49:29:572 [WARN]	Request Failed. ErrorCode: 112029 errorMessage: Platform Status, Send Request Failed. WinHTTP Cannot Connect. last error code = 12029 
21:49:49:582 [WARN]	Request Failed. ErrorCode: 112029 errorMessage: Platform Status, Send Request Failed. WinHTTP Cannot Connect. last error code = 12029 
21:50:19:591 [WARN]	Request Failed. ErrorCode: 112029 errorMessage: Platform Status, Send Request Failed. WinHTTP Cannot Connect. last error code = 12029 
21:51:01:612 [WARN]	Request Failed. ErrorCode: 112029 errorMessage: Platform Status, Send Request Failed. WinHTTP Cannot Connect. last error code = 12029 
21:51:31:630 [WARN]	Request Failed. ErrorCode: 112029 errorMessage: Platform Status, Send Request Failed. WinHTTP Cannot Connect. last error code = 12029 
21:52:09:639 [WARN]	Request Failed. ErrorCode: 112029 errorMessage: Platform Status, Send Request Failed. WinHTTP Cannot Connect. last error code = 12029 
21:52:11:644 [WARN]	Request Failed. ErrorCode: 112029 errorMessage: Platform Status, Send Request Failed. WinHTTP Cannot Connect. last error code = 12029 
21:52:53:661 [WARN]	Request Failed. ErrorCode: 112029 errorMessage: Platform Status, Send Request Failed. WinHTTP Cannot Connect. last error code = 12029 
21:53:21:671 [WARN]	Request Failed. ErrorCode: 112029 errorMessage: Platform Status, Send Request Failed. WinHTTP Cannot Connect. last error code = 12029 
21:54:13:691 [WARN]	Request Failed. ErrorCode: 112029 errorMessage: Platform Status, Send Request Failed. WinHTTP Cannot Connect. last error code = 12029 
21:55:13:709 [WARN]	Request Failed. ErrorCode: 112029 errorMessage: Platform Status, Send Request Failed. WinHTTP Cannot Connect. last error code = 12029 
21:55:23:728 [WARN]	Request Failed. ErrorCode: 112029 errorMessage: Platform Status, Send Request Failed. WinHTTP Cannot Connect. last error code = 12029 
21:55:37:746 [WARN]	Request Failed. ErrorCode: 112029 errorMessage: Platform Status, Send Request Failed. WinHTTP Cannot Connect. last error code = 12029 
21:55:57:764 [WARN]	Request Failed. ErrorCode: 112029 errorMessage: Platform Status, Send Request Failed. WinHTTP Cannot Connect. last error code = 12029 
21:56:41:777 [WARN]	Request Failed. ErrorCode: 112029 errorMessage: Platform Status, Send Request Failed. WinHTTP Cannot Connect. last error code = 12029 
21:56:55:782 [WARN]	Request Failed. ErrorCode: 112029 errorMessage: Platform Status, Send Request Failed. WinHTTP Cannot Connect. last error code = 12029 
21:57:21:799 [WARN]	Request Failed. ErrorCode: 112029 errorMessage: Platform Status, Send Request Failed. WinHTTP Cannot Connect. last error code = 12029 
21:57:23:813 [WARN]	Request Failed. ErrorCode: 112029 errorMessage: Platform Status, Send Request Failed. WinHTTP Cannot Connect. last error code = 12029 
21:58:23:826 [WARN]	Request Failed. ErrorCode: 112029 errorMessage: Platform Status, Send Request Failed. WinHTTP Cannot Connect. last error code = 12029 
21:58:33:834 [WARN]	Request Failed. ErrorCode: 112029 errorMessage: Platform Status, Send Request Failed. WinHTTP Cannot Connect. last error code = 12029 
21:58:45:846 [WARN]	Request Failed. ErrorCode: 112029 errorMessage: Platform Status, Send Request Failed. WinHTTP Cannot Connect. last error code = 12029 
21:59:25:862 [WARN]	Request Failed. ErrorCode: 112029 errorMessage: Platform Status, Send Request Failed. WinHTTP Cannot Connect. last error code = 12029 
21:59:43:877 [WARN]	Request Failed. ErrorCode: 112029 errorMessage: Platform Status, Send Request Failed. WinHTTP Cannot Connect. last error code = 12029 
21:59:43:881 [WARN]	Request Failed. ErrorCode: 112029 errorMessage: Platform Status, Send Request Failed. WinHTTP Cannot Connect. last error code = 12029 
22:00:01:899 [WARN]	Request Failed. ErrorCode: 112029 errorMessage: Platform Status, Send Request Failed. WinHTTP Cannot Connect. last error code = 12029 
22:00:37:921 [WARN]	Request Failed. ErrorCode: 112029 errorMessage: Platform Status, Send Request Failed. WinHTTP Cannot Connect. last error code = 12029 
22:01:17:940 [WARN]	Request Failed. ErrorCode: 112029 errorMessage: Platform Status, Send Request Failed. WinHTTP Cannot Connect. last error code = 12029 
22:01:35:952 [WARN]	Request Failed. ErrorCode: 112029 errorMessage: Platform Status, Send Request Failed. WinHTTP Cannot Connect. last error code = 12029 
22:01:59:971 [WARN]	Request Failed. ErrorCode: 112029 errorMessage: Platform Status, Send Request Failed. WinHTTP Cannot Connect. last error code = 12029 
22:02:25:982 [WARN]	Request Failed. ErrorCode: 112029 errorMessage: Platform Status, Send Request Failed. WinHTTP Cannot Connect. last error code = 12029 
22:02:27:999 [WARN]	Request Failed. ErrorCode: 112029 errorMessage: Platform Status, Send Request Failed. WinHTTP Cannot Connect. last error code = 12029 
22:02:58:020 [WARN]	Request Failed. ErrorCode: 112029 errorMessage: Platform Status, Send Request Failed. WinHTTP Cannot Connect. last error code = 12029 
22:03:44:041 [WARN]	Request Failed. ErrorCode: 112029 errorMessage: Platform Status, Send Request Failed. WinHTTP Cannot Connect. last error code = 12029 
22:04:28:054 [WARN]	Request Failed. ErrorCode: 112029 errorMessage: Platform Status, Send Request Failed. WinHTTP Cannot Connect. last error code = 12029 
22:04:40:061 [WARN]	Request Failed. ErrorCode: 112029 errorMessage: Platform Status, Send Request Failed. WinHTTP Cannot Connect. last error code = 12029 
22:05:34:070 [WARN]	Request Failed. ErrorCode: 112029 errorMessage: Platform Status, Send Request Failed. WinHTTP Cannot Connect. last error code = 12029 
22:06:32:094 [WARN]	Request Failed. ErrorCode: 112029 errorMessage: Platform Status, Send Request Failed. WinHTTP Cannot Connect. last error code = 12029 
22:06:48:111 [WARN]	Request Failed. ErrorCode: 112029 errorMessage: Platform Status, Send Request Failed. WinHTTP Cannot Connect. last error code = 12029 
22:07:00:132 [WARN]	Request Failed. ErrorCode: 112029 errorMessage: Platform Status, Send Request Failed. WinHTTP Cannot Connect. last error code = 12029 
22:07:48:146 [WARN]	Request Failed. ErrorCode: 112029 errorMessage: Platform Status, Send Request Failed. WinHTTP Cannot Connect. last error code = 12029 
22:08:10:156 [WARN]	Request Failed. ErrorCode: 112029 errorMessage: Platform Status, Send Request Failed. WinHTTP Cannot Connect. last error code = 12029 
22:08:26:168 [WARN]	Request Failed. ErrorCode: 112029 errorMessage: Platform Status, Send Request Failed. WinHTTP Cannot Connect. last error code = 12029 
22:08:28:172 [WARN]	Request Failed. ErrorCode: 112029 errorMessage: Platform Status, Send Request Failed. WinHTTP Cannot Connect. last error code = 12029 
22:09:16:183 [WARN]	Request Failed. ErrorCode: 112029 errorMessage: Platform Status, Send Request Failed. WinHTTP Cannot Connect. last error code = 12029 
22:09:18:200 [WARN]	Request Failed. ErrorCode: 112029 errorMessage: Platform Status, Send Request Failed. WinHTTP Cannot Connect. last error code = 12029 
22:09:40:217 [WARN]	Request Failed. ErrorCode: 112029 errorMessage: Platform Status, Send Request Failed. WinHTTP Cannot Connect. last error code = 12029 
22:09:56:227 [WARN]	Request Failed. ErrorCode: 112029 errorMessage: Platform Status, Send Request Failed. WinHTTP Cannot Connect. last error code = 12029 
22:10:32:248 [WARN]	Request Failed. ErrorCode: 112029 errorMessage: Platform Status, Send Request Failed. WinHTTP Cannot Connect. last error code = 12029 
22:10:36:266 [WARN]	Request Failed. ErrorCode: 112029 errorMessage: Platform Status, Send Request Failed. WinHTTP Cannot Connect. last error code = 12029 
22:11:26:288 [WARN]	Request Failed. ErrorCode: 112029 errorMessage: Platform Status, Send Request Failed. WinHTTP Cannot Connect. last error code = 12029 
22:12:06:298 [WARN]	Request Failed. ErrorCode: 112029 errorMessage: Platform Status, Send Request Failed. WinHTTP Cannot Connect. last error code = 12029 
22:12:38:321 [WARN]	Request Failed. ErrorCode: 112029 errorMessage: Platform Status, Send Request Failed. WinHTTP Cannot Connect. last error code = 12029 
22:12:52:342 [WARN]	Request Failed. ErrorCode: 112029 errorMessage: Platform Status, Send Request Failed. WinHTTP Cannot Connect. last error code = 12029 
22:13:26:359 [WARN]	Request Failed. ErrorCode: 112029 errorMessage: Platform Status, Send Request Failed. WinHTTP Cannot Connect. last error code = 12029 
22:14:12:381 [WARN]	Request Failed. ErrorCode: 112029 errorMessage: Platform Status, Send Request Failed. WinHTTP Cannot Connect. last error code = 12029 
22:14:28:387 [WARN]	Request Failed. ErrorCode: 112029 errorMessage: Platform Status, Send Request Failed. WinHTTP Cannot Connect. last error code = 12029 
22:15:16:476 [WARN]	Request Failed. ErrorCode: 112029 errorMessage: Platform Status, Send Request Failed. WinHTTP Cannot Connect. last error code = 12029 
22:15:42:587 [WARN]	Request Failed. ErrorCode: 112029 errorMessage: Platform Status, Send Request Failed. WinHTTP Cannot Connect. last error code = 12029 
22:16:18:605 [WARN]	Request Failed. ErrorCode: 112029 errorMessage: Platform Status, Send Request Failed. WinHTTP Cannot Connect. last error code = 12029 
22:16:36:614 [WARN]	Request Failed. ErrorCode: 112029 errorMessage: Platform Status, Send Request Failed. WinHTTP Cannot Connect. last error code = 12029 
22:17:34:634 [WARN]	Request Failed. ErrorCode: 112029 errorMessage: Platform Status, Send Request Failed. WinHTTP Cannot Connect. last error code = 12029 
22:17:46:642 [WARN]	Request Failed. ErrorCode: 112029 errorMessage: Platform Status, Send Request Failed. WinHTTP Cannot Connect. last error code = 12029 
22:18:04:665 [WARN]	Request Failed. ErrorCode: 112029 errorMessage: Platform Status, Send Request Failed. WinHTTP Cannot Connect. last error code = 12029 
22:18:54:677 [WARN]	Request Failed. ErrorCode: 112029 errorMessage: Platform Status, Send Request Failed. WinHTTP Cannot Connect. last error code = 12029 
22:19:30:685 [WARN]	Request Failed. ErrorCode: 112029 errorMessage: Platform Status, Send Request Failed. WinHTTP Cannot Connect. last error code = 12029 
22:20:24:695 [WARN]	Request Failed. ErrorCode: 112029 errorMessage: Platform Status, Send Request Failed. WinHTTP Cannot Connect. last error code = 12029 
22:21:04:711 [WARN]	Request Failed. ErrorCode: 112029 errorMessage: Platform Status, Send Request Failed. WinHTTP Cannot Connect. last error code = 12029 
22:22:00:732 [WARN]	Request Failed. ErrorCode: 112029 errorMessage: Platform Status, Send Request Failed. WinHTTP Cannot Connect. last error code = 12029 
22:22:52:746 [WARN]	Request Failed. ErrorCode: 112029 errorMessage: Platform Status, Send Request Failed. WinHTTP Cannot Connect. last error code = 12029 
22:23:22:759 [WARN]	Request Failed. ErrorCode: 112029 errorMessage: Platform Status, Send Request Failed. WinHTTP Cannot Connect. last error code = 12029 
22:24:08:770 [WARN]	Request Failed. ErrorCode: 112029 errorMessage: Platform Status, Send Request Failed. WinHTTP Cannot Connect. last error code = 12029 
22:24:56:790 [WARN]	Request Failed. ErrorCode: 112029 errorMessage: Platform Status, Send Request Failed. WinHTTP Cannot Connect. last error code = 12029 
22:25:38:803 [WARN]	Request Failed. ErrorCode: 112029 errorMessage: Platform Status, Send Request Failed. WinHTTP Cannot Connect. last error code = 12029 
22:26:10:815 [WARN]	Request Failed. ErrorCode: 112029 errorMessage: Platform Status, Send Request Failed. WinHTTP Cannot Connect. last error code = 12029 
22:26:52:836 [WARN]	Request Failed. ErrorCode: 112029 errorMessage: Platform Status, Send Request Failed. WinHTTP Cannot Connect. last error code = 12029 
22:27:38:853 [WARN]	Request Failed. ErrorCode: 112029 errorMessage: Platform Status, Send Request Failed. WinHTTP Cannot Connect. last error code = 12029 
22:28:20:866 [WARN]	Request Failed. ErrorCode: 112029 errorMessage: Platform Status, Send Request Failed. WinHTTP Cannot Connect. last error code = 12029 
22:29:22:888 [WARN]	Request Failed. ErrorCode: 112029 errorMessage: Platform Status, Send Request Failed. WinHTTP Cannot Connect. last error code = 12029 
22:29:22:892 [WARN]	Request Failed. ErrorCode: 112029 errorMessage: Platform Status, Send Request Failed. WinHTTP Cannot Connect. last error code = 12029 
22:29:46:905 [WARN]	Request Failed. ErrorCode: 112029 errorMessage: Platform Status, Send Request Failed. WinHTTP Cannot Connect. last error code = 12029 
22:30:12:919 [WARN]	Request Failed. ErrorCode: 112029 errorMessage: Platform Status, Send Request Failed. WinHTTP Cannot Connect. last error code = 12029 
22:30:38:928 [WARN]	Request Failed. ErrorCode: 112029 errorMessage: Platform Status, Send Request Failed. WinHTTP Cannot Connect. last error code = 12029 
22:31:18:945 [WARN]	Request Failed. ErrorCode: 112029 errorMessage: Platform Status, Send Request Failed. WinHTTP Cannot Connect. last error code = 12029 
22:32:08:965 [WARN]	Request Failed. ErrorCode: 112029 errorMessage: Platform Status, Send Request Failed. WinHTTP Cannot Connect. last error code = 12029 
22:32:30:984 [WARN]	Request Failed. ErrorCode: 112029 errorMessage: Platform Status, Send Request Failed. WinHTTP Cannot Connect. last error code = 12029 
22:32:36:999 [WARN]	Request Failed. ErrorCode: 112029 errorMessage: Platform Status, Send Request Failed. WinHTTP Cannot Connect. last error code = 12029 
22:32:47:021 [WARN]	Request Failed. ErrorCode: 112029 errorMessage: Platform Status, Send Request Failed. WinHTTP Cannot Connect. last error code = 12029 
22:33:21:035 [WARN]	Request Failed. ErrorCode: 112029 errorMessage: Platform Status, Send Request Failed. WinHTTP Cannot Connect. last error code = 12029 
22:33:37:048 [WARN]	Request Failed. ErrorCode: 112029 errorMessage: Platform Status, Send Request Failed. WinHTTP Cannot Connect. last error code = 12029 
22:33:47:059 [WARN]	Request Failed. ErrorCode: 112029 errorMessage: Platform Status, Send Request Failed. WinHTTP Cannot Connect. last error code = 12029 
22:34:31:073 [WARN]	Request Failed. ErrorCode: 112029 errorMessage: Platform Status, Send Request Failed. WinHTTP Cannot Connect. last error code = 12029 
22:35:21:086 [WARN]	Request Failed. ErrorCode: 112029 errorMessage: Platform Status, Send Request Failed. WinHTTP Cannot Connect. last error code = 12029 
22:36:19:104 [WARN]	Request Failed. ErrorCode: 112029 errorMessage: Platform Status, Send Request Failed. WinHTTP Cannot Connect. last error code = 12029 
22:37:05:116 [WARN]	Request Failed. ErrorCode: 112029 errorMessage: Platform Status, Send Request Failed. WinHTTP Cannot Connect. last error code = 12029 
22:37:27:140 [WARN]	Request Failed. ErrorCode: 112029 errorMessage: Platform Status, Send Request Failed. WinHTTP Cannot Connect. last error code = 12029 
22:38:09:155 [WARN]	Request Failed. ErrorCode: 112029 errorMessage: Platform Status, Send Request Failed. WinHTTP Cannot Connect. last error code = 12029 
22:38:57:171 [WARN]	Request Failed. ErrorCode: 112029 errorMessage: Platform Status, Send Request Failed. WinHTTP Cannot Connect. last error code = 12029 
22:38:57:174 [WARN]	Request Failed. ErrorCode: 112029 errorMessage: Platform Status, Send Request Failed. WinHTTP Cannot Connect. last error code = 12029 
22:38:59:190 [WARN]	Request Failed. ErrorCode: 112029 errorMessage: Platform Status, Send Request Failed. WinHTTP Cannot Connect. last error code = 12029 
22:38:59:192 [WARN]	Request Failed. ErrorCode: 112029 errorMessage: Platform Status, Send Request Failed. WinHTTP Cannot Connect. last error code = 12029 
22:39:29:206 [WARN]	Request Failed. ErrorCode: 112029 errorMessage: Platform Status, Send Request Failed. WinHTTP Cannot Connect. last error code = 12029 
22:39:57:226 [WARN]	Request Failed. ErrorCode: 112029 errorMessage: Platform Status, Send Request Failed. WinHTTP Cannot Connect. last error code = 12029 
22:40:53:247 [WARN]	Request Failed. ErrorCode: 112029 errorMessage: Platform Status, Send Request Failed. WinHTTP Cannot Connect. last error code = 12029 
22:41:47:256 [WARN]	Request Failed. ErrorCode: 112029 errorMessage: Platform Status, Send Request Failed. WinHTTP Cannot Connect. last error code = 12029 
22:42:27:266 [WARN]	Request Failed. ErrorCode: 112029 errorMessage: Platform Status, Send Request Failed. WinHTTP Cannot Connect. last error code = 12029 
22:43:21:287 [WARN]	Request Failed. ErrorCode: 112029 errorMessage: Platform Status, Send Request Failed. WinHTTP Cannot Connect. last error code = 12029 
22:43:25:301 [WARN]	Request Failed. ErrorCode: 112029 errorMessage: Platform Status, Send Request Failed. WinHTTP Cannot Connect. last error code = 12029 
22:43:45:307 [WARN]	Request Failed. ErrorCode: 112029 errorMessage: Platform Status, Send Request Failed. WinHTTP Cannot Connect. last error code = 12029 
22:44:05:324 [WARN]	Request Failed. ErrorCode: 112029 errorMessage: Platform Status, Send Request Failed. WinHTTP Cannot Connect. last error code = 12029 
22:44:35:342 [WARN]	Request Failed. ErrorCode: 112029 errorMessage: Platform Status, Send Request Failed. WinHTTP Cannot Connect. last error code = 12029 
22:44:49:356 [WARN]	Request Failed. ErrorCode: 112029 errorMessage: Platform Status, Send Request Failed. WinHTTP Cannot Connect. last error code = 12029 
22:45:45:363 [WARN]	Request Failed. ErrorCode: 112029 errorMessage: Platform Status, Send Request Failed. WinHTTP Cannot Connect. last error code = 12029 
22:46:31:372 [WARN]	Request Failed. ErrorCode: 112029 errorMessage: Platform Status, Send Request Failed. WinHTTP Cannot Connect. last error code = 12029 
22:46:41:391 [WARN]	Request Failed. ErrorCode: 112029 errorMessage: Platform Status, Send Request Failed. WinHTTP Cannot Connect. last error code = 12029 
22:46:55:402 [WARN]	Request Failed. ErrorCode: 112029 errorMessage: Platform Status, Send Request Failed. WinHTTP Cannot Connect. last error code = 12029 
22:47:15:416 [WARN]	Request Failed. ErrorCode: 112029 errorMessage: Platform Status, Send Request Failed. WinHTTP Cannot Connect. last error code = 12029 
22:48:09:429 [WARN]	Request Failed. ErrorCode: 112029 errorMessage: Platform Status, Send Request Failed. WinHTTP Cannot Connect. last error code = 12029 
22:48:45:446 [WARN]	Request Failed. ErrorCode: 112029 errorMessage: Platform Status, Send Request Failed. WinHTTP Cannot Connect. last error code = 12029 
22:49:39:468 [WARN]	Request Failed. ErrorCode: 112029 errorMessage: Platform Status, Send Request Failed. WinHTTP Cannot Connect. last error code = 12029 
22:49:41:473 [WARN]	Request Failed. ErrorCode: 112029 errorMessage: Platform Status, Send Request Failed. WinHTTP Cannot Connect. last error code = 12029 
22:49:41:476 [WARN]	Request Failed. ErrorCode: 112029 errorMessage: Platform Status, Send Request Failed. WinHTTP Cannot Connect. last error code = 12029 
22:49:49:488 [WARN]	Request Failed. ErrorCode: 112029 errorMessage: Platform Status, Send Request Failed. WinHTTP Cannot Connect. last error code = 12029 
22:50:01:509 [WARN]	Request Failed. ErrorCode: 112029 errorMessage: Platform Status, Send Request Failed. WinHTTP Cannot Connect. last error code = 12029 
22:50:07:525 [WARN]	Request Failed. ErrorCode: 112029 errorMessage: Platform Status, Send Request Failed. WinHTTP Cannot Connect. last error code = 12029 
22:50:41:538 [WARN]	Request Failed. ErrorCode: 112029 errorMessage: Platform Status, Send Request Failed. WinHTTP Cannot Connect. last error code = 12029 
22:50:55:555 [WARN]	Request Failed. ErrorCode: 112029 errorMessage: Platform Status, Send Request Failed. WinHTTP Cannot Connect. last error code = 12029 
22:51:27:570 [WARN]	Request Failed. ErrorCode: 112029 errorMessage: Platform Status, Send Request Failed. WinHTTP Cannot Connect. last error code = 12029 
22:51:47:582 [WARN]	Request Failed. ErrorCode: 112029 errorMessage: Platform Status, Send Request Failed. WinHTTP Cannot Connect. last error code = 12029 
22:52:19:596 [WARN]	Request Failed. ErrorCode: 112029 errorMessage: Platform Status, Send Request Failed. WinHTTP Cannot Connect. last error code = 12029 
22:52:47:615 [WARN]	Request Failed. ErrorCode: 112029 errorMessage: Platform Status, Send Request Failed. WinHTTP Cannot Connect. last error code = 12029 
22:53:29:637 [WARN]	Request Failed. ErrorCode: 112029 errorMessage: Platform Status, Send Request Failed. WinHTTP Cannot Connect. last error code = 12029 
22:53:59:643 [WARN]	Request Failed. ErrorCode: 112029 errorMessage: Platform Status, Send Request Failed. WinHTTP Cannot Connect. last error code = 12029 
22:54:05:663 [WARN]	Request Failed. ErrorCode: 112029 errorMessage: Platform Status, Send Request Failed. WinHTTP Cannot Connect. last error code = 12029 
22:54:35:676 [WARN]	Request Failed. ErrorCode: 112029 errorMessage: Platform Status, Send Request Failed. WinHTTP Cannot Connect. last error code = 12029 
22:55:35:687 [WARN]	Request Failed. ErrorCode: 112029 errorMessage: Platform Status, Send Request Failed. WinHTTP Cannot Connect. last error code = 12029 
22:55:55:698 [WARN]	Request Failed. ErrorCode: 112029 errorMessage: Platform Status, Send Request Failed. WinHTTP Cannot Connect. last error code = 12029 
22:56:25:713 [WARN]	Request Failed. ErrorCode: 112029 errorMessage: Platform Status, Send Request Failed. WinHTTP Cannot Connect. last error code = 12029 
22:56:57:736 [WARN]	Request Failed. ErrorCode: 112029 errorMessage: Platform Status, Send Request Failed. WinHTTP Cannot Connect. last error code = 12029 
22:57:29:755 [WARN]	Request Failed. ErrorCode: 112029 errorMessage: Platform Status, Send Request Failed. WinHTTP Cannot Connect. last error code = 12029 
22:58:23:768 [WARN]	Request Failed. ErrorCode: 112029 errorMessage: Platform Status, Send Request Failed. WinHTTP Cannot Connect. last error code = 12029 
22:58:39:781 [WARN]	Request Failed. ErrorCode: 112029 errorMessage: Platform Status, Send Request Failed. WinHTTP Cannot Connect. last error code = 12029 
22:58:41:789 [WARN]	Request Failed. ErrorCode: 112029 errorMessage: Platform Status, Send Request Failed. WinHTTP Cannot Connect. last error code = 12029 
22:58:47:800 [WARN]	Request Failed. ErrorCode: 112029 errorMessage: Platform Status, Send Request Failed. WinHTTP Cannot Connect. last error code = 12029 
22:59:05:821 [WARN]	Request Failed. ErrorCode: 112029 errorMessage: Platform Status, Send Request Failed. WinHTTP Cannot Connect. last error code = 12029 
22:59:21:844 [WARN]	Request Failed. ErrorCode: 112029 errorMessage: Platform Status, Send Request Failed. WinHTTP Cannot Connect. last error code = 12029 
22:59:41:853 [WARN]	Request Failed. ErrorCode: 112029 errorMessage: Platform Status, Send Request Failed. WinHTTP Cannot Connect. last error code = 12029 
23:00:25:874 [WARN]	Request Failed. ErrorCode: 112029 errorMessage: Platform Status, Send Request Failed. WinHTTP Cannot Connect. last error code = 12029 
23:00:43:896 [WARN]	Request Failed. ErrorCode: 112029 errorMessage: Platform Status, Send Request Failed. WinHTTP Cannot Connect. last error code = 12029 
23:01:43:914 [WARN]	Request Failed. ErrorCode: 112029 errorMessage: Platform Status, Send Request Failed. WinHTTP Cannot Connect. last error code = 12029 
23:01:57:923 [WARN]	Request Failed. ErrorCode: 112029 errorMessage: Platform Status, Send Request Failed. WinHTTP Cannot Connect. last error code = 12029 
23:01:59:937 [WARN]	Request Failed. ErrorCode: 112029 errorMessage: Platform Status, Send Request Failed. WinHTTP Cannot Connect. last error code = 12029 
23:02:01:955 [WARN]	Request Failed. ErrorCode: 112029 errorMessage: Platform Status, Send Request Failed. WinHTTP Cannot Connect. last error code = 12029 
23:02:17:963 [WARN]	Request Failed. ErrorCode: 112029 errorMessage: Platform Status, Send Request Failed. WinHTTP Cannot Connect. last error code = 12029 
23:02:51:980 [WARN]	Request Failed. ErrorCode: 112029 errorMessage: Platform Status, Send Request Failed. WinHTTP Cannot Connect. last error code = 12029 
23:03:16:001 [WARN]	Request Failed. ErrorCode: 112029 errorMessage: Platform Status, Send Request Failed. WinHTTP Cannot Connect. last error code = 12029 
23:03:42:161 [WARN]	Request Failed. ErrorCode: 112029 errorMessage: Platform Status, Send Request Failed. WinHTTP Cannot Connect. last error code = 12029 
23:03:50:182 [WARN]	Request Failed. ErrorCode: 112029 errorMessage: Platform Status, Send Request Failed. WinHTTP Cannot Connect. last error code = 12029 
23:04:50:191 [WARN]	Request Failed. ErrorCode: 112029 errorMessage: Platform Status, Send Request Failed. WinHTTP Cannot Connect. last error code = 12029 
23:05:50:211 [WARN]	Request Failed. ErrorCode: 112029 errorMessage: Platform Status, Send Request Failed. WinHTTP Cannot Connect. last error code = 12029 
23:05:52:220 [WARN]	Request Failed. ErrorCode: 112029 errorMessage: Platform Status, Send Request Failed. WinHTTP Cannot Connect. last error code = 12029 
23:05:58:234 [WARN]	Request Failed. ErrorCode: 112029 errorMessage: Platform Status, Send Request Failed. WinHTTP Cannot Connect. last error code = 12029 
23:06:22:239 [WARN]	Request Failed. ErrorCode: 112029 errorMessage: Platform Status, Send Request Failed. WinHTTP Cannot Connect. last error code = 12029 
23:07:10:253 [WARN]	Request Failed. ErrorCode: 112029 errorMessage: Platform Status, Send Request Failed. WinHTTP Cannot Connect. last error code = 12029 
23:07:42:275 [WARN]	Request Failed. ErrorCode: 112029 errorMessage: Platform Status, Send Request Failed. WinHTTP Cannot Connect. last error code = 12029 
23:08:44:283 [WARN]	Request Failed. ErrorCode: 112029 errorMessage: Platform Status, Send Request Failed. WinHTTP Cannot Connect. last error code = 12029 
23:09:36:294 [WARN]	Request Failed. ErrorCode: 112029 errorMessage: Platform Status, Send Request Failed. WinHTTP Cannot Connect. last error code = 12029 
23:09:42:314 [WARN]	Request Failed. ErrorCode: 112029 errorMessage: Platform Status, Send Request Failed. WinHTTP Cannot Connect. last error code = 12029 
23:10:08:332 [WARN]	Request Failed. ErrorCode: 112029 errorMessage: Platform Status, Send Request Failed. WinHTTP Cannot Connect. last error code = 12029 
23:10:38:340 [WARN]	Request Failed. ErrorCode: 112029 errorMessage: Platform Status, Send Request Failed. WinHTTP Cannot Connect. last error code = 12029 
23:11:24:353 [WARN]	Request Failed. ErrorCode: 112029 errorMessage: Platform Status, Send Request Failed. WinHTTP Cannot Connect. last error code = 12029 
23:11:38:359 [WARN]	Request Failed. ErrorCode: 112029 errorMessage: Platform Status, Send Request Failed. WinHTTP Cannot Connect. last error code = 12029 
23:12:10:371 [WARN]	Request Failed. ErrorCode: 112029 errorMessage: Platform Status, Send Request Failed. WinHTTP Cannot Connect. last error code = 12029 
23:13:00:395 [WARN]	Request Failed. ErrorCode: 112029 errorMessage: Platform Status, Send Request Failed. WinHTTP Cannot Connect. last error code = 12029 
23:14:02:410 [WARN]	Request Failed. ErrorCode: 112029 errorMessage: Platform Status, Send Request Failed. WinHTTP Cannot Connect. last error code = 12029 
23:15:00:426 [WARN]	Request Failed. ErrorCode: 112029 errorMessage: Platform Status, Send Request Failed. WinHTTP Cannot Connect. last error code = 12029 
23:15:56:447 [WARN]	Request Failed. ErrorCode: 112029 errorMessage: Platform Status, Send Request Failed. WinHTTP Cannot Connect. last error code = 12029 
23:16:10:455 [WARN]	Request Failed. ErrorCode: 112029 errorMessage: Platform Status, Send Request Failed. WinHTTP Cannot Connect. last error code = 12029 
23:16:16:477 [WARN]	Request Failed. ErrorCode: 112029 errorMessage: Platform Status, Send Request Failed. WinHTTP Cannot Connect. last error code = 12029 
23:16:32:486 [WARN]	Request Failed. ErrorCode: 112029 errorMessage: Platform Status, Send Request Failed. WinHTTP Cannot Connect. last error code = 12029 
23:17:34:494 [WARN]	Request Failed. ErrorCode: 112029 errorMessage: Platform Status, Send Request Failed. WinHTTP Cannot Connect. last error code = 12029 
23:18:32:503 [WARN]	Request Failed. ErrorCode: 112029 errorMessage: Platform Status, Send Request Failed. WinHTTP Cannot Connect. last error code = 12029 
23:18:50:522 [WARN]	Request Failed. ErrorCode: 112029 errorMessage: Platform Status, Send Request Failed. WinHTTP Cannot Connect. last error code = 12029 
23:19:52:537 [WARN]	Request Failed. ErrorCode: 112029 errorMessage: Platform Status, Send Request Failed. WinHTTP Cannot Connect. last error code = 12029 
23:20:42:560 [WARN]	Request Failed. ErrorCode: 112029 errorMessage: Platform Status, Send Request Failed. WinHTTP Cannot Connect. last error code = 12029 
23:21:00:573 [WARN]	Request Failed. ErrorCode: 112029 errorMessage: Platform Status, Send Request Failed. WinHTTP Cannot Connect. last error code = 12029 
23:21:40:594 [WARN]	Request Failed. ErrorCode: 112029 errorMessage: Platform Status, Send Request Failed. WinHTTP Cannot Connect. last error code = 12029 
23:22:08:602 [WARN]	Request Failed. ErrorCode: 112029 errorMessage: Platform Status, Send Request Failed. WinHTTP Cannot Connect. last error code = 12029 
23:22:08:606 [WARN]	Request Failed. ErrorCode: 112029 errorMessage: Platform Status, Send Request Failed. WinHTTP Cannot Connect. last error code = 12029 
23:23:04:622 [WARN]	Request Failed. ErrorCode: 112029 errorMessage: Platform Status, Send Request Failed. WinHTTP Cannot Connect. last error code = 12029 
23:23:14:638 [WARN]	Request Failed. ErrorCode: 112029 errorMessage: Platform Status, Send Request Failed. WinHTTP Cannot Connect. last error code = 12029 
23:24:14:649 [WARN]	Request Failed. ErrorCode: 112029 errorMessage: Platform Status, Send Request Failed. WinHTTP Cannot Connect. last error code = 12029 
23:24:18:653 [WARN]	Request Failed. ErrorCode: 112029 errorMessage: Platform Status, Send Request Failed. WinHTTP Cannot Connect. last error code = 12029 
23:25:06:664 [WARN]	Request Failed. ErrorCode: 112029 errorMessage: Platform Status, Send Request Failed. WinHTTP Cannot Connect. last error code = 12029 
23:25:10:671 [WARN]	Request Failed. ErrorCode: 112029 errorMessage: Platform Status, Send Request Failed. WinHTTP Cannot Connect. last error code = 12029 
23:25:46:679 [WARN]	Request Failed. ErrorCode: 112029 errorMessage: Platform Status, Send Request Failed. WinHTTP Cannot Connect. last error code = 12029 
23:26:12:698 [WARN]	Request Failed. ErrorCode: 112029 errorMessage: Platform Status, Send Request Failed. WinHTTP Cannot Connect. last error code = 12029 
23:26:34:714 [WARN]	Request Failed. ErrorCode: 112029 errorMessage: Platform Status, Send Request Failed. WinHTTP Cannot Connect. last error code = 12029 
23:27:18:731 [WARN]	Request Failed. ErrorCode: 112029 errorMessage: Platform Status, Send Request Failed. WinHTTP Cannot Connect. last error code = 12029 
23:27:58:748 [WARN]	Request Failed. ErrorCode: 112029 errorMessage: Platform Status, Send Request Failed. WinHTTP Cannot Connect. last error code = 12029 
23:28:22:765 [WARN]	Request Failed. ErrorCode: 112029 errorMessage: Platform Status, Send Request Failed. WinHTTP Cannot Connect. last error code = 12029 
23:29:16:780 [WARN]	Request Failed. ErrorCode: 112029 errorMessage: Platform Status, Send Request Failed. WinHTTP Cannot Connect. last error code = 12029 
23:30:04:789 [WARN]	Request Failed. ErrorCode: 112029 errorMessage: Platform Status, Send Request Failed. WinHTTP Cannot Connect. last error code = 12029 
23:30:34:809 [WARN]	Request Failed. ErrorCode: 112029 errorMessage: Platform Status, Send Request Failed. WinHTTP Cannot Connect. last error code = 12029 
23:31:12:825 [WARN]	Request Failed. ErrorCode: 112029 errorMessage: Platform Status, Send Request Failed. WinHTTP Cannot Connect. last error code = 12029 
23:31:16:834 [WARN]	Request Failed. ErrorCode: 112029 errorMessage: Platform Status, Send Request Failed. WinHTTP Cannot Connect. last error code = 12029 
23:31:50:850 [WARN]	Request Failed. ErrorCode: 112029 errorMessage: Platform Status, Send Request Failed. WinHTTP Cannot Connect. last error code = 12029 
23:32:50:872 [WARN]	Request Failed. ErrorCode: 112029 errorMessage: Platform Status, Send Request Failed. WinHTTP Cannot Connect. last error code = 12029 
23:33:48:897 [WARN]	Request Failed. ErrorCode: 112029 errorMessage: Platform Status, Send Request Failed. WinHTTP Cannot Connect. last error code = 12029 
23:34:46:910 [WARN]	Request Failed. ErrorCode: 112029 errorMessage: Platform Status, Send Request Failed. WinHTTP Cannot Connect. last error code = 12029 
23:35:34:927 [WARN]	Request Failed. ErrorCode: 112029 errorMessage: Platform Status, Send Request Failed. WinHTTP Cannot Connect. last error code = 12029 
23:35:42:943 [WARN]	Request Failed. ErrorCode: 112029 errorMessage: Platform Status, Send Request Failed. WinHTTP Cannot Connect. last error code = 12029 
23:36:20:954 [WARN]	Request Failed. ErrorCode: 112029 errorMessage: Platform Status, Send Request Failed. WinHTTP Cannot Connect. last error code = 12029 
23:37:22:971 [WARN]	Request Failed. ErrorCode: 112029 errorMessage: Platform Status, Send Request Failed. WinHTTP Cannot Connect. last error code = 12029 
23:37:24:990 [WARN]	Request Failed. ErrorCode: 112029 errorMessage: Platform Status, Send Request Failed. WinHTTP Cannot Connect. last error code = 12029 
23:38:25:013 [WARN]	Request Failed. ErrorCode: 112029 errorMessage: Platform Status, Send Request Failed. WinHTTP Cannot Connect. last error code = 12029 
23:38:57:027 [WARN]	Request Failed. ErrorCode: 112029 errorMessage: Platform Status, Send Request Failed. WinHTTP Cannot Connect. last error code = 12029 
23:39:19:047 [WARN]	Request Failed. ErrorCode: 112029 errorMessage: Platform Status, Send Request Failed. WinHTTP Cannot Connect. last error code = 12029 
23:40:03:060 [WARN]	Request Failed. ErrorCode: 112029 errorMessage: Platform Status, Send Request Failed. WinHTTP Cannot Connect. last error code = 12029 
23:40:47:083 [WARN]	Request Failed. ErrorCode: 112029 errorMessage: Platform Status, Send Request Failed. WinHTTP Cannot Connect. last error code = 12029 
23:40:53:101 [WARN]	Request Failed. ErrorCode: 112029 errorMessage: Platform Status, Send Request Failed. WinHTTP Cannot Connect. last error code = 12029 
23:40:55:117 [WARN]	Request Failed. ErrorCode: 112029 errorMessage: Platform Status, Send Request Failed. WinHTTP Cannot Connect. last error code = 12029 
23:41:01:124 [WARN]	Request Failed. ErrorCode: 112029 errorMessage: Platform Status, Send Request Failed. WinHTTP Cannot Connect. last error code = 12029 
23:41:51:143 [WARN]	Request Failed. ErrorCode: 112029 errorMessage: Platform Status, Send Request Failed. WinHTTP Cannot Connect. last error code = 12029 
23:42:33:158 [WARN]	Request Failed. ErrorCode: 112029 errorMessage: Platform Status, Send Request Failed. WinHTTP Cannot Connect. last error code = 12029 
23:43:21:169 [WARN]	Request Failed. ErrorCode: 112029 errorMessage: Platform Status, Send Request Failed. WinHTTP Cannot Connect. last error code = 12029 
23:44:09:186 [WARN]	Request Failed. ErrorCode: 112029 errorMessage: Platform Status, Send Request Failed. WinHTTP Cannot Connect. last error code = 12029 
23:44:31:203 [WARN]	Request Failed. ErrorCode: 112029 errorMessage: Platform Status, Send Request Failed. WinHTTP Cannot Connect. last error code = 12029 
23:44:55:216 [WARN]	Request Failed. ErrorCode: 112029 errorMessage: Platform Status, Send Request Failed. WinHTTP Cannot Connect. last error code = 12029 
23:45:23:229 [WARN]	Request Failed. ErrorCode: 112029 errorMessage: Platform Status, Send Request Failed. WinHTTP Cannot Connect. last error code = 12029 
23:45:45:240 [WARN]	Request Failed. ErrorCode: 112029 errorMessage: Platform Status, Send Request Failed. WinHTTP Cannot Connect. last error code = 12029 
23:46:35:249 [WARN]	Request Failed. ErrorCode: 112029 errorMessage: Platform Status, Send Request Failed. WinHTTP Cannot Connect. last error code = 12029 
23:47:03:265 [WARN]	Request Failed. ErrorCode: 112029 errorMessage: Platform Status, Send Request Failed. WinHTTP Cannot Connect. last error code = 12029 
23:47:59:274 [WARN]	Request Failed. ErrorCode: 112029 errorMessage: Platform Status, Send Request Failed. WinHTTP Cannot Connect. last error code = 12029 
23:48:55:288 [WARN]	Request Failed. ErrorCode: 112029 errorMessage: Platform Status, Send Request Failed. WinHTTP Cannot Connect. last error code = 12029 
23:49:27:305 [WARN]	Request Failed. ErrorCode: 112029 errorMessage: Platform Status, Send Request Failed. WinHTTP Cannot Connect. last error code = 12029 
23:49:47:322 [WARN]	Request Failed. ErrorCode: 112029 errorMessage: Platform Status, Send Request Failed. WinHTTP Cannot Connect. last error code = 12029 
23:50:15:332 [WARN]	Request Failed. ErrorCode: 112029 errorMessage: Platform Status, Send Request Failed. WinHTTP Cannot Connect. last error code = 12029 
23:51:13:351 [WARN]	Request Failed. ErrorCode: 112029 errorMessage: Platform Status, Send Request Failed. WinHTTP Cannot Connect. last error code = 12029 
23:51:39:371 [WARN]	Request Failed. ErrorCode: 112029 errorMessage: Platform Status, Send Request Failed. WinHTTP Cannot Connect. last error code = 12029 
23:52:19:382 [WARN]	Request Failed. ErrorCode: 112029 errorMessage: Platform Status, Send Request Failed. WinHTTP Cannot Connect. last error code = 12029 
23:52:53:391 [WARN]	Request Failed. ErrorCode: 112029 errorMessage: Platform Status, Send Request Failed. WinHTTP Cannot Connect. last error code = 12029 
23:53:29:414 [WARN]	Request Failed. ErrorCode: 112029 errorMessage: Platform Status, Send Request Failed. WinHTTP Cannot Connect. last error code = 12029 
23:54:09:433 [WARN]	Request Failed. ErrorCode: 112029 errorMessage: Platform Status, Send Request Failed. WinHTTP Cannot Connect. last error code = 12029 
23:54:39:447 [WARN]	Request Failed. ErrorCode: 112029 errorMessage: Platform Status, Send Request Failed. WinHTTP Cannot Connect. last error code = 12029 
23:55:05:465 [WARN]	Request Failed. ErrorCode: 112029 errorMessage: Platform Status, Send Request Failed. WinHTTP Cannot Connect. last error code = 12029 
23:55:47:480 [WARN]	Request Failed. ErrorCode: 112029 errorMessage: Platform Status, Send Request Failed. WinHTTP Cannot Connect. last error code = 12029 
23:55:55:496 [WARN]	Request Failed. ErrorCode: 112029 errorMessage: Platform Status, Send Request Failed. WinHTTP Cannot Connect. last error code = 12029 
23:56:27:511 [WARN]	Request Failed. ErrorCode: 112029 errorMessage: Platform Status, Send Request Failed. WinHTTP Cannot Connect. last error code = 12029 
23:57:09:527 [WARN]	Request Failed. ErrorCode: 112029 errorMessage: Platform Status, Send Request Failed. WinHTTP Cannot Connect. last error code = 12029 
23:58:09:543 [WARN]	Request Failed. ErrorCode: 112029 errorMessage: Platform Status, Send Request Failed. WinHTTP Cannot Connect. last error code = 12029 
23:58:29:561 [WARN]	Request Failed. ErrorCode: 112029 errorMessage: Platform Status, Send Request Failed. WinHTTP Cannot Connect. last error code = 12029 
23:58:29:564 [WARN]	Request Failed. ErrorCode: 112029 errorMessage: Platform Status, Send Request Failed. WinHTTP Cannot Connect. last error code = 12029 
23:59:25:576 [WARN]	Request Failed. ErrorCode: 112029 errorMessage: Platform Status, Send Request Failed. WinHTTP Cannot Connect. last error code = 12029 
23:59:25:579 [WARN]	Request Failed. ErrorCode: 112029 errorMessage: Platform Status, Send Request Failed. WinHTTP Cannot Connect. last error code = 12029 
